Property Name,Date,Valuation
Roseberry,3/31/2022,9.45
Mojave,3/31/2022,10.13
Cupcake,3/31/2022,10.16
Holland,3/31/2022,10.16
Lily,3/31/2022,10.17
Patrick,3/31/2022,10.19
Kingsley,3/31/2022,10.2
Weldon,3/31/2022,10.2
Coatbridge,3/31/2022,10.2
Wentworth,3/31/2022,10.22
Saturn,3/31/2022,10.24
Ridge,3/31/2022,10.25
Amber,3/31/2022,10.27
Basil,3/31/2022,10.28
Dewberry,3/31/2022,10.28
Odessa,3/31/2022,10.3
Westchester,3/31/2022,10.34
Splash,3/31/2022,10.37
Bayside,3/31/2022,10.37
Lennox,3/31/2022,10.4
Dawson,3/31/2022,10.45
Sugar,3/31/2022,10.47
Spencer,3/31/2022,10.47
Holloway,3/31/2022,10.49
Olive,3/31/2022,10.49
Windsor,3/31/2022,10.5
Summerset,3/31/2022,10.52
Saddlebred,3/31/2022,10.54
Elevation,3/31/2022,10.56
Badminton,3/31/2022,10.6
Eastfair,3/31/2022,10.67
Lallie,3/31/2022,10.67
Shoreline,3/31/2022,10.68
Jupiter,3/31/2022,10.69
Elm,3/31/2022,10.75
River,3/31/2022,10.79
Tuscan,3/31/2022,10.83
Luna,3/31/2022,10.86
Centennial,3/31/2022,11.18
Plumtree,3/31/2022,11.21
Pinot,3/31/2022,11.22
Chaparral,3/31/2022,11.25
Malbec,3/31/2022,11.26
Pecan,3/31/2022,11.57
Salem,3/31/2022,11.57
Soapstone,3/31/2022,16.66
Lierly,3/31/2022,17.25
Lierly,6/30/2022,20.22
Soapstone,6/30/2022,18.76
Pecan,6/30/2022,12.96
Patrick,6/30/2022,11.39
Plumtree,6/30/2022,12.3
Chaparral,6/30/2022,12.38
Splash,6/30/2022,11.81
Tuscan,6/30/2022,11.91
Salem,6/30/2022,12.82
Malbec,6/30/2022,12.56
Pinot,6/30/2022,12.59
Luna,6/30/2022,12.41
Kingsley,6/30/2022,11.92
Shoreline,6/30/2022,11.72
Holloway,6/30/2022,12.6
Badminton,6/30/2022,12.13
Eastfair,6/30/2022,12.03
Centennial,6/30/2022,13.15
Mojave,6/30/2022,10.86
Wentworth,6/30/2022,10.76
Cupcake,6/30/2022,11.66
Basil,6/30/2022,11.7
Lallie,6/30/2022,11.57
Dewberry,6/30/2022,10.98
Spencer,6/30/2022,12.67
Summerset,6/30/2022,12.3
Roseberry,6/30/2022,11.37
Windsor,6/30/2022,12.07
Forest,6/30/2022,11.16
Meadow,6/30/2022,10.74
Collinston,6/30/2022,10.48
Saddlebred,6/30/2022,10.28
Odessa,6/30/2022,11.47
Lily,6/30/2022,10.58
Saturn,6/30/2022,10.79
Sugar,6/30/2022,11.5
Coatbridge,6/30/2022,11.04
Lennox,6/30/2022,10.84
Olive,6/30/2022,11.23
Dawson,6/30/2022,11.16
Ridge,6/30/2022,10.84
Bayside,6/30/2022,11.34
Elm,6/30/2022,11.16
River,6/30/2022,12.27
Amber,6/30/2022,11.06
Westchester,6/30/2022,11.07
Limestone,6/30/2022,10.9
Jupiter,6/30/2022,11.15
Weldon,6/30/2022,10.78
Holland,6/30/2022,10.34
Elevation,6/30/2022,12.04
Roseberry,9/30/2022,12.69
Mojave,9/30/2022,13.78
Cupcake,9/30/2022,13.85
Holland,9/30/2022,12.44
Lily,9/30/2022,10.89
Patrick,9/30/2022,12.99
Kingsley,9/30/2022,13.51
Weldon,9/30/2022,12.79
Coatbridge,9/30/2022,12.21
Wentworth,9/30/2022,12.72
Saturn,9/30/2022,12.5
Ridge,9/30/2022,12.55
Amber,9/30/2022,12.58
Basil,9/30/2022,13.33
Dewberry,9/30/2022,11.67
Odessa,9/30/2022,11.43
Westchester,9/30/2022,12.15
Splash,9/30/2022,13.56
Bayside,9/30/2022,12.55
Lennox,9/30/2022,10.91
Dawson,9/30/2022,12.26
Sugar,9/30/2022,12.75
Spencer,9/30/2022,12.74
Holloway,9/30/2022,13.24
Olive,9/30/2022,11.46
Windsor,9/30/2022,13.36
Summerset,9/30/2022,13.74
Saddlebred,9/30/2022,9.79
Elevation,9/30/2022,13.42
Badminton,9/30/2022,13.42
Eastfair,9/30/2022,14.03
Lallie,9/30/2022,13.44
Shoreline,9/30/2022,13.24
Jupiter,9/30/2022,12.26
Elm,9/30/2022,12.71
River,9/30/2022,13.52
Tuscan,9/30/2022,12.4
Luna,9/30/2022,14.39
Centennial,9/30/2022,14.05
Plumtree,9/30/2022,13.24
Pinot,9/30/2022,13.66
Chaparral,9/30/2022,13.03
Malbec,9/30/2022,13.59
Pecan,9/30/2022,14.82
Salem,9/30/2022,14.4
Soapstone,9/30/2022,20.74
Lierly,9/30/2022,22.34
Murphy,9/30/2022,14.06
Limestone,9/30/2022,13.14
Grant,9/30/2022,13.06
Dolittle,9/30/2022,13.02
Davidson,9/30/2022,12.79
Vernon,9/30/2022,12.75
Scepter,9/30/2022,12.72
Matchingham,9/30/2022,12.41
Rooney,9/30/2022,12.38
Ribbonwalk,9/30/2022,12.22
Meadow,9/30/2022,12.19
Bandelier,9/30/2022,12.15
KerriAnn,9/30/2022,12.13
Sigma,9/30/2022,12.06
Collinston,9/30/2022,12
McLovin,9/30/2022,11.92
Saint,9/30/2022,11.76
Forest,9/30/2022,11.62
Delta,9/30/2022,11.54
Bedford,9/30/2022,11.54
Emporia,9/30/2022,11.53
Greenhill,9/30/2022,11.48
Oly,9/30/2022,11.43
Butter,9/30/2022,11.42
Terracotta,9/30/2022,11.29
Wave,9/30/2022,11.26
Hollandaise,9/30/2022,11.22
Ensenada,9/30/2022,11.2
Lovejoy,9/30/2022,10.77
Otoro,9/30/2022,10.75
Louise,9/30/2022,10.71
Kawana,9/30/2022,10.58
Diablo,9/30/2022,10.49
Jack,9/30/2022,10.47
Avebury,9/30/2022,10.43
Tuxford,9/30/2022,10.34
Tulip,9/30/2022,10.21
Chelsea,9/30/2022,9.79
Hadden,9/30/2022,9.51
Peanut,9/30/2022,9.41
Delta,12/31/2022,9.4
Emporia,12/31/2022,10.62
Lovejoy,12/31/2022,11.24
Wave,12/31/2022,10.4
Grant,12/31/2022,12.96
Lallie,12/31/2022,12.52
Summerset,12/31/2022,13.24
Spencer,12/31/2022,13.3
Windsor,12/31/2022,12.59
Roseberry,12/31/2022,12.25
Sugar,12/31/2022,12.17
Forest,12/31/2022,11.75
Butter,12/31/2022,11.13
Centennial,12/31/2022,13.16
Meadow,12/31/2022,10.73
Collinston,12/31/2022,11.67
Saturn,12/31/2022,12.05
Amber,12/31/2022,11.4
Jupiter,12/31/2022,11.89
Weldon,12/31/2022,12.3
Holland,12/31/2022,11.78
Davidson,12/31/2022,12.1
Ribbonwalk,12/31/2022,11.22
Saddlebred,12/31/2022,9.14
Lily,12/31/2022,9.38
Kingsley,12/31/2022,12.9
Eastfair,12/31/2022,13.98
Luna,12/31/2022,14.38
Dewberry,12/31/2022,12.41
Badminton,12/31/2022,13.79
Coatbridge,12/31/2022,11.67
Lennox,12/31/2022,11.17
Olive,12/31/2022,10.18
Dawson,12/31/2022,11.24
Ridge,12/31/2022,12.18
Bayside,12/31/2022,12.73
Elm,12/31/2022,13.27
Westchester,12/31/2022,12.07
Limestone,12/31/2022,12.71
Greenhill,12/31/2022,11.82
Tuxford,12/31/2022,9.7
Matchingham,12/31/2022,12.63
Murphy,12/31/2022,13.14
Dolittle,12/31/2022,12.56
Odessa,12/31/2022,10.02
Ensenada,12/31/2022,10.92
Oly,12/31/2022,11.47
McLovin,12/31/2022,10.89
Holloway,12/31/2022,13.19
Basil,12/31/2022,12.6
Shoreline,12/31/2022,12.13
River,12/31/2022,13.38
Elevation,12/31/2022,13.25
Vernon,12/31/2022,11.1
Kawana,12/31/2022,10.53
Plumtree,12/31/2022,13.94
Chaparral,12/31/2022,13.39
Lierly,12/31/2022,20.79
Patrick,12/31/2022,12.48
Soapstone,12/31/2022,19.87
Pecan,12/31/2022,14.67
Splash,12/31/2022,13.46
Malbec,12/31/2022,12.72
Pinot,12/31/2022,12.57
Salem,12/31/2022,13.85
Tuscan,12/31/2022,11.87
Mojave,12/31/2022,12.06
Wentworth,12/31/2022,12.02
Cupcake,12/31/2022,13.89
Rooney,12/31/2022,10.76
KerriAnn,12/31/2022,11.06
Sigma,12/31/2022,10
Saint,12/31/2022,11.31
Scepter,12/31/2022,12.85
Bandelier,12/31/2022,11.39
Diablo,12/31/2022,10.82
Tulip,12/31/2022,8.67
Jack,12/31/2022,11.15
Bedford,12/31/2022,11.67
Louise,12/31/2022,9.17
Gardens,12/31/2022,8.42
Peanut,12/31/2022,8.54
Chelsea,12/31/2022,9.7
Hadden,12/31/2022,11.04
Hollandaise,12/31/2022,9.44
Terracotta,12/31/2022,10.35
Avebury,12/31/2022,10.66
Otoro,12/31/2022,10.32
100,12/31/2022,9.54
Grove,12/31/2022,9.08
Lanier,12/31/2022,11.04
Mammoth,12/31/2022,10.18
McGregor,12/31/2022,9.93
Point,12/31/2022,10.56
Roxy,12/31/2022,8.96
Wisteria,12/31/2022,9.75
Heritage,12/31/2022,9.43
Heron,12/31/2022,10.35
Kirkwood,12/31/2022,10.2
Magnolia,12/31/2022,8.66
Rosewood,12/31/2022,9.31
Stonebriar,12/31/2022,9.35
Apollo,12/31/2022,10.14
Baron,12/31/2022,8.68
Madison,12/31/2022,10.13
Swift,12/31/2022,9.96
Wescott,12/31/2022,9.51
Wildwood,12/31/2022,9.69
Lannister,12/31/2022,8.9
Pearl,12/31/2022,10.14
Nugget,12/31/2022,9
Burlington,12/31/2022,9.42
Abbington,12/31/2022,9.15
Hines,12/31/2022,9.84
101,12/31/2022,9.5
Jake,12/31/2022,9.35
Holcomb,12/31/2022,9.79
Reynolds,12/31/2022,9.25
Kennesaw,12/31/2022,9.29
Pioneer,12/31/2022,9.25
Osprey,12/31/2022,9.76
Delta,3/31/2023,10.72
Emporia,3/31/2023,10.72
Lovejoy,3/31/2023,11.69
Wave,3/31/2023,10.5
Grant,3/31/2023,13.42
Lallie,3/31/2023,12.33
Summerset,3/31/2023,13.5
Spencer,3/31/2023,12.97
Windsor,3/31/2023,12.42
Roseberry,3/31/2023,11.85
Sugar,3/31/2023,12.22
Forest,3/31/2023,12.37
Butter,3/31/2023,10.69
Centennial,3/31/2023,13.25
Meadow,3/31/2023,10.84
Collinston,3/31/2023,11.74
Saturn,3/31/2023,11.86
Amber,3/31/2023,11.08
Jupiter,3/31/2023,11.96
Weldon,3/31/2023,12.38
Holland,3/31/2023,12.46
Davidson,3/31/2023,12.37
Ribbonwalk,3/31/2023,11.02
Saddlebred,3/31/2023,10.41
Lily,3/31/2023,10.83
Kingsley,3/31/2023,12.95
Eastfair,3/31/2023,13.96
Luna,3/31/2023,14.16
Dewberry,3/31/2023,12.53
Badminton,3/31/2023,14.11
Coatbridge,3/31/2023,11.91
Lennox,3/31/2023,10.72
Olive,3/31/2023,11.36
Dawson,3/31/2023,10.84
Ridge,3/31/2023,12.66
Bayside,3/31/2023,12.59
Elm,3/31/2023,13.77
Westchester,3/31/2023,12.01
Limestone,3/31/2023,12.68
Greenhill,3/31/2023,12.19
Tuxford,3/31/2023,10.29
Matchingham,3/31/2023,12.93
Murphy,3/31/2023,12.54
Dolittle,3/31/2023,11.98
Odessa,3/31/2023,10.93
Ensenada,3/31/2023,10.85
Oly,3/31/2023,11.24
McLovin,3/31/2023,11.25
Holloway,3/31/2023,13.8
Basil,3/31/2023,12.88
Shoreline,3/31/2023,12.29
River,3/31/2023,13.68
Elevation,3/31/2023,13.02
Vernon,3/31/2023,11.2
Kawana,3/31/2023,11.35
Plumtree,3/31/2023,14.36
Chaparral,3/31/2023,14.71
Lierly,3/31/2023,20.1
Patrick,3/31/2023,13.1
Soapstone,3/31/2023,19.61
Pecan,3/31/2023,14.61
Splash,3/31/2023,13.22
Malbec,3/31/2023,12.88
Pinot,3/31/2023,12.67
Salem,3/31/2023,13.8
Tuscan,3/31/2023,11.6
Mojave,3/31/2023,12.19
Wentworth,3/31/2023,12.05
Cupcake,3/31/2023,13.86
Rooney,3/31/2023,10.95
KerriAnn,3/31/2023,10.72
Sigma,3/31/2023,11.46
Saint,3/31/2023,11.64
Scepter,3/31/2023,13.59
Bandelier,3/31/2023,11.55
Diablo,3/31/2023,9.63
Tulip,3/31/2023,9.97
Jack,3/31/2023,11.84
Bedford,3/31/2023,12.07
Louise,3/31/2023,9.34
Gardens,3/31/2023,8.22
Peanut,3/31/2023,8.06
Chelsea,3/31/2023,10.65
Hadden,3/31/2023,10.79
Hollandaise,3/31/2023,10.1
Terracotta,3/31/2023,10.46
Avebury,3/31/2023,10.5
Otoro,3/31/2023,10.55
100,3/31/2023,9.48
Grove,3/31/2023,9.05
Lanier,3/31/2023,11.15
Mammoth,3/31/2023,10.84
McGregor,3/31/2023,9.98
Point,3/31/2023,10.9
Roxy,3/31/2023,10.39
Wisteria,3/31/2023,10.65
Heritage,3/31/2023,10.3
Heron,3/31/2023,11.38
Kirkwood,3/31/2023,10.53
Magnolia,3/31/2023,9.67
Rosewood,3/31/2023,9.55
Stonebriar,3/31/2023,9.32
Apollo,3/31/2023,10.72
Baron,3/31/2023,8.74
Madison,3/31/2023,9.23
Swift,3/31/2023,9.99
Wescott,3/31/2023,9.96
Wildwood,3/31/2023,9.82
Lannister,3/31/2023,7.67
Pearl,3/31/2023,10.34
Nugget,3/31/2023,9.03
Burlington,3/31/2023,9.41
Abbington,3/31/2023,9.48
Hines,3/31/2023,10.06
Ritter,3/31/2023,9.69
101,3/31/2023,8.72
Jake,3/31/2023,9.63
Holcomb,3/31/2023,9.7
Latte,3/31/2023,10.19
Dunbar,3/31/2023,9.68
Lookout,3/31/2023,9.96
Reynolds,3/31/2023,9.17
Kennesaw,3/31/2023,9.41
Pioneer,3/31/2023,9.41
Bazzel,3/31/2023,10
June,3/31/2023,8.86
Johnny,3/31/2023,8.82
Osprey,3/31/2023,9.99
Riverwalk,3/31/2023,9.94
Collier,3/31/2023,9.82
Folly,3/31/2023,9.84
Dorchester,3/31/2023,9.68
Dogwood,3/31/2023,9.3
Walton,3/31/2023,9.59
Clover,3/31/2023,10.07
Dolly,3/31/2023,9.66
Kenny,3/31/2023,9.74
Creekside,3/31/2023,9.99
Willow,3/31/2023,9.67
Wilson,3/31/2023,9.77
Daisy,3/31/2023,10.1
Henry,3/31/2023,9.09
Sodalis,3/31/2023,9.53
Loretta,3/31/2023,10
Conway,3/31/2023,9.68
Belle,3/31/2023,9.68
Chitwood,3/31/2023,9.71
Spring,3/31/2023,9.74
Highland,3/31/2023,9.83
Reginald,3/31/2023,9.35
Camino,3/31/2023,9.41
Richardson,3/31/2023,10
Cumberland,3/31/2023,9.99
Bonneau,3/31/2023,9.63
Marietta,3/31/2023,10.43
Aster,3/31/2023,9.7
Cypress,3/31/2023,8.9
Harrison,3/31/2023,9.53
Wellington,3/31/2023,10
Blossom,3/31/2023,10
Inglewood,3/31/2023,10
Braxton,3/31/2023,10
Winston,3/31/2023,10
Marcelo,3/31/2023,10
Quincy,3/31/2023,10
Jill,3/31/2023,10
Taylor,3/31/2023,10
Mae,3/31/2023,10
Chester,3/31/2023,10
Shallowford,3/31/2023,10
Piedmont,3/31/2023,10
Kessler,3/31/2023,10
Creekwood,3/31/2023,10
Hansel,3/31/2023,10
Falcon,3/31/2023,10
Eagle,3/31/2023,10
Goose,3/31/2023,10
Mimosa,3/31/2023,10
Redondo,3/31/2023,10
Sundance,3/31/2023,10
Oasis,3/31/2023,10
Pointbreak,3/31/2023,10
Hammock,3/31/2023,10
Ace,3/31/2023,10
Cardinal,3/31/2023,10
Orchard,3/31/2023,10
Mirage,3/31/2023,10
Cactus,3/31/2023,10
Opry,3/31/2023,10
Palm,3/31/2023,10
Serenity,3/31/2023,10
Sugarcreek,3/31/2023,10
Gretal,3/31/2023,10
Brooklyn,3/31/2023,10
Brainerd,3/31/2023,10
Litton,3/31/2023,10
Chickamauga,3/31/2023,10
Sequoyah,3/31/2023,10
Lakeridge,3/31/2023,10
Havasu,3/31/2023,10
Regal,3/31/2023,10
Lurleen,3/31/2023,10
Regency,3/31/2023,10
Lannister,6/30/2023,7.9
Diablo,6/30/2023,10.49
Madison,6/30/2023,9.56
101,6/30/2023,8.94
Peanut,6/30/2023,9.04
Dolittle,6/30/2023,13.54
Murphy,6/30/2023,14.03
Lennox,6/30/2023,11.03
Butter,6/30/2023,11.27
Dawson,6/30/2023,11.44
Lierly,6/30/2023,22.71
Roseberry,6/30/2023,12.19
KerriAnn,6/30/2023,11.04
Amber,6/30/2023,11.14
Spencer,6/30/2023,13.06
Gardens,6/30/2023,8.8
Tuscan,6/30/2023,12.76
Hadden,6/30/2023,11.18
Oly,6/30/2023,10.9
Splash,6/30/2023,14.23
Ribbonwalk,6/30/2023,10.88
Elevation,6/30/2023,13.6
Saturn,6/30/2023,11.95
Luna,6/30/2023,14.68
Lallie,6/30/2023,12.9
Avebury,6/30/2023,10.92
Windsor,6/30/2023,13.01
Soapstone,6/30/2023,22.02
Bayside,6/30/2023,12.96
Holcomb,6/30/2023,9.89
Reynolds,6/30/2023,9.29
Ensenada,6/30/2023,10.96
100,6/30/2023,9.57
Westchester,6/30/2023,12.2
Pecan,6/30/2023,15.85
Salem,6/30/2023,15.28
Grove,6/30/2023,9.07
Stonebriar,6/30/2023,9.08
Limestone,6/30/2023,12.72
Cupcake,6/30/2023,14
Eastfair,6/30/2023,14.25
Burlington,6/30/2023,9.45
Wentworth,6/30/2023,13.05
Swift,6/30/2023,10.31
Nugget,6/30/2023,9.12
Kingsley,6/30/2023,13.58
Sugar,6/30/2023,12.37
McGregor,6/30/2023,10.1
Jupiter,6/30/2023,12.01
Collinston,6/30/2023,11.55
Weldon,6/30/2023,12.42
Centennial,6/30/2023,13.91
Baron,6/30/2023,8.84
Pinot,6/30/2023,13.87
Vernon,6/30/2023,12.02
Emporia,6/30/2023,11.13
Wave,6/30/2023,11.4
Dewberry,6/30/2023,12.97
Lanier,6/30/2023,11.98
Meadow,6/30/2023,11.24
Terracotta,6/30/2023,10.72
Mojave,6/30/2023,13.45
Malbec,6/30/2023,14.06
Kennesaw,6/30/2023,9.86
Shoreline,6/30/2023,12.94
Wildwood,6/30/2023,10.59
Bandelier,6/30/2023,12.09
Pioneer,6/30/2023,9.68
Rooney,6/30/2023,11.16
Louise,6/30/2023,9.79
Summerset,6/30/2023,13.84
Pearl,6/30/2023,10.36
Coatbridge,6/30/2023,12.03
Basil,6/30/2023,12.99
Otoro,6/30/2023,10.95
Davidson,6/30/2023,12.5
Hines,6/30/2023,10.32
River,6/30/2023,14.22
Badminton,6/30/2023,14.71
Osprey,6/30/2023,10.09
Matchingham,6/30/2023,13.34
Rosewood,6/30/2023,9.94
Saint,6/30/2023,12.2
Jake,6/30/2023,9.72
Plumtree,6/30/2023,16.16
Greenhill,6/30/2023,12.55
Point,6/30/2023,11.34
Kirkwood,6/30/2023,11.03
McLovin,6/30/2023,11.45
Bedford,6/30/2023,12.12
Grant,6/30/2023,13.74
Abbington,6/30/2023,9.51
Elm,6/30/2023,13.83
Ridge,6/30/2023,13.25
Lovejoy,6/30/2023,12.1
Holloway,6/30/2023,14.27
Wescott,6/30/2023,10.32
Patrick,6/30/2023,14.68
Forest,6/30/2023,12.56
Apollo,6/30/2023,12.21
Scepter,6/30/2023,13.91
Holland,6/30/2023,12.58
Tuxford,6/30/2023,10.64
Jack,6/30/2023,10.97
Mammoth,6/30/2023,11.14
Hollandaise,6/30/2023,10.5
Kawana,6/30/2023,11.78
Odessa,6/30/2023,10.4
Heritage,6/30/2023,10.92
Wisteria,6/30/2023,11.27
Chelsea,6/30/2023,10.44
Chaparral,6/30/2023,15.9
Heron,6/30/2023,11.83
Olive,6/30/2023,11.69
Magnolia,6/30/2023,10.21
Saddlebred,6/30/2023,10.36
Latte,6/30/2023,10.38
Ritter,6/30/2023,9.67
Delta,6/30/2023,11.54
Sigma,6/30/2023,13.18
Lookout,6/30/2023,9.99
Johnny,6/30/2023,8.67
Dunbar,6/30/2023,9.8
June,6/30/2023,8.7
Tulip,6/30/2023,10.32
Lily,6/30/2023,10.91
Roxy,6/30/2023,10.58
Riverwalk,6/30/2023,10.04
Dorchester,6/30/2023,9.69
Clover,6/30/2023,10.4
Collier,6/30/2023,10.05
Folly,6/30/2023,9.54
Walton,6/30/2023,9.35
Dogwood,6/30/2023,9.57
Conway,6/30/2023,9.68
Loretta,6/30/2023,9.92
Kenny,6/30/2023,9.9
Henry,6/30/2023,9.13
Creekside,6/30/2023,10.27
Daisy,6/30/2023,10.19
Sodalis,6/30/2023,9.71
Chitwood,6/30/2023,10.06
Highland,6/30/2023,9.75
Dolly,6/30/2023,9.59
Spring,6/30/2023,9.84
Willow,6/30/2023,9.92
Belle,6/30/2023,9.77
Wilson,6/30/2023,9.98
Richardson,6/30/2023,10.17
Camino,6/30/2023,9.49
Bonneau,6/30/2023,9.99
Reginald,6/30/2023,9.44
Cumberland,6/30/2023,10.14
Marietta,6/30/2023,11.05
Aster,6/30/2023,9.83
Harrison,6/30/2023,9.45
Cypress,6/30/2023,9.35
Bazzel,6/30/2023,10.29
Inglewood,6/30/2023,9.97
Wellington,6/30/2023,9.54
Winston,6/30/2023,10.19
Braxton,6/30/2023,9.72
Blossom,6/30/2023,10.19
Marcelo,6/30/2023,9.79
Jill,6/30/2023,9.81
Quincy,6/30/2023,9.59
Taylor,6/30/2023,9.43
Piedmont,6/30/2023,10.41
Chester,6/30/2023,9.93
Shallowford,6/30/2023,10.02
Kessler,6/30/2023,9.94
Mae,6/30/2023,9.64
Creekwood,6/30/2023,9.98
Oasis,6/30/2023,10
Mirage,6/30/2023,10
Orchard,6/30/2023,10
Cardinal,6/30/2023,10
Ace,6/30/2023,10
Pointbreak,6/30/2023,10
Hammock,6/30/2023,10
Hansel,6/30/2023,8.94
Falcon,6/30/2023,12.39
Eagle,6/30/2023,12.16
Goose,6/30/2023,13.68
Mimosa,6/30/2023,9.56
Redondo,6/30/2023,8.95
Sundance,6/30/2023,9.55
Cactus,6/30/2023,10
Opry,6/30/2023,10
Palm,6/30/2023,10
Serenity,6/30/2023,10
Sugarcreek,6/30/2023,10
Gretal,6/30/2023,9.9
Brooklyn,6/30/2023,8.64
Brainerd,6/30/2023,10.34
Litton,6/30/2023,10.86
Chickamauga,6/30/2023,10
Sequoyah,6/30/2023,8.96
Lakeridge,6/30/2023,10
Havasu,6/30/2023,10
Regal,6/30/2023,10
Lurleen,6/30/2023,10
Regency,6/30/2023,10
Dops,6/30/2023,10
Sunnyside,6/30/2023,10
Korin,6/30/2023,10
Lodge,6/30/2023,10
Sheezy,6/30/2023,10
Chilhowee,6/30/2023,10
Hickorybear,6/30/2023,10
Kinlani,6/30/2023,10
Myrtle,6/30/2023,10
Brennan,6/30/2023,10
Sajni,6/30/2023,10
Tuscarora,6/30/2023,10
Salinas,6/30/2023,10
Hansard,6/30/2023,10
Jefferson,6/30/2023,10
Marie,6/30/2023,10
Ella,6/30/2023,10
Pasquin,6/30/2023,10
Cristalino,6/30/2023,10
Hermanos,6/30/2023,10
Bowling,6/30/2023,10
Emelina,6/30/2023,10
Caden,6/30/2023,10
Haven,6/30/2023,10
Koi,6/30/2023,10
Coolbaugh,6/30/2023,10
Longbranch,6/30/2023,10
Pinkshell,6/30/2023,10
Camellia,6/30/2023,10
Palmore,6/30/2023,10
Brookwood,6/30/2023,10
Lithonia,6/30/2023,10
Haverhill,6/30/2023,10
Woodwind,6/30/2023,10
Aspen,6/30/2023,10
Thomas,6/30/2023,10
Bennett,6/30/2023,10
Pickler,6/30/2023,10
Loop,6/30/2023,10
Summerglen,6/30/2023,10
Montgomery,6/30/2023,10
Benny,6/30/2023,10
Portsmouth,6/30/2023,10
Westhaven,6/30/2023,10
Hamblen,6/30/2023,10
Holmes,6/30/2023,10
Wheeler,6/30/2023,10
Delta,9/30/2023,9.22
Emporia,9/30/2023,11.52
Lovejoy,9/30/2023,11.14
Wave,9/30/2023,11.65
Grant,9/30/2023,13.84
Lallie,9/30/2023,13.35
Summerset,9/30/2023,14.24
Spencer,9/30/2023,13.37
Windsor,9/30/2023,14.08
Roseberry,9/30/2023,12.85
Sugar,9/30/2023,12.78
Forest,9/30/2023,12.89
Butter,9/30/2023,11.88
Centennial,9/30/2023,13.7
Meadow,9/30/2023,12.31
Collinston,9/30/2023,11.02
Saturn,9/30/2023,11.79
Amber,9/30/2023,10.58
Jupiter,9/30/2023,11.91
Weldon,9/30/2023,12.85
Holland,9/30/2023,12.21
Davidson,9/30/2023,12.23
Ribbonwalk,9/30/2023,11.05
Saddlebred,9/30/2023,10.17
Lily,9/30/2023,10.48
Kingsley,9/30/2023,13.38
Eastfair,9/30/2023,14.12
Luna,9/30/2023,14.7
Dewberry,9/30/2023,13.65
Badminton,9/30/2023,14.33
Coatbridge,9/30/2023,11.72
Lennox,9/30/2023,11.48
Olive,9/30/2023,11.57
Dawson,9/30/2023,12.29
Ridge,9/30/2023,13.41
Bayside,9/30/2023,12.79
Elm,9/30/2023,12.39
Westchester,9/30/2023,12.16
Limestone,9/30/2023,12.92
Greenhill,9/30/2023,12.21
Tuxford,9/30/2023,10.43
Matchingham,9/30/2023,12.92
Murphy,9/30/2023,14.7
Dolittle,9/30/2023,13.63
Odessa,9/30/2023,9.94
Ensenada,9/30/2023,10.71
Oly,9/30/2023,10.09
McLovin,9/30/2023,11.24
Holloway,9/30/2023,14.76
Basil,9/30/2023,12.65
Shoreline,9/30/2023,13.28
River,9/30/2023,13.98
Elevation,9/30/2023,13.01
Vernon,9/30/2023,12.25
Kawana,9/30/2023,11.7
Plumtree,9/30/2023,15.58
Chaparral,9/30/2023,15.37
Lierly,9/30/2023,21.75
Patrick,9/30/2023,14.17
Soapstone,9/30/2023,20.41
Pecan,9/30/2023,15.03
Splash,9/30/2023,13.58
Malbec,9/30/2023,13.18
Pinot,9/30/2023,13.23
Salem,9/30/2023,14.34
Tuscan,9/30/2023,12.29
Mojave,9/30/2023,12.51
Wentworth,9/30/2023,11.99
Cupcake,9/30/2023,13.78
Rooney,9/30/2023,11.75
KerriAnn,9/30/2023,10.77
Sigma,9/30/2023,12.94
Saint,9/30/2023,11.47
Scepter,9/30/2023,13.25
Bandelier,9/30/2023,12.26
Diablo,9/30/2023,10.03
Chelsea,9/30/2023,9.74
Terracotta,9/30/2023,10.74
Otoro,9/30/2023,9.35
Hollandaise,9/30/2023,10.56
Hadden,9/30/2023,11.76
Avebury,9/30/2023,10.81
Tulip,9/30/2023,8.45
Jack,9/30/2023,11.02
Bedford,9/30/2023,12.09
Louise,9/30/2023,10.26
Gardens,9/30/2023,8.84
Peanut,9/30/2023,9.72
100,9/30/2023,9.37
Grove,9/30/2023,9.47
Lanier,9/30/2023,11.89
Mammoth,9/30/2023,11.8
McGregor,9/30/2023,10.1
Point,9/30/2023,11.19
Roxy,9/30/2023,10.5
Wisteria,9/30/2023,11.45
Heron,9/30/2023,12.26
Stonebriar,9/30/2023,9.2
Heritage,9/30/2023,11.86
Magnolia,9/30/2023,10.12
Kirkwood,9/30/2023,10.92
Rosewood,9/30/2023,9.93
Apollo,9/30/2023,11.57
Baron,9/30/2023,8.64
Swift,9/30/2023,10.42
Wescott,9/30/2023,10.45
Wildwood,9/30/2023,10.57
Madison,9/30/2023,9.48
Abbington,9/30/2023,9.46
Burlington,9/30/2023,9.34
Lannister,9/30/2023,7.77
Nugget,9/30/2023,9.1
Pearl,9/30/2023,10.34
Hines,9/30/2023,10.25
Ritter,9/30/2023,9.59
101,9/30/2023,8.84
Jake,9/30/2023,9.57
Holcomb,9/30/2023,9.72
Latte,9/30/2023,10.48
Dunbar,9/30/2023,9.61
Lookout,9/30/2023,10.08
Reynolds,9/30/2023,10.06
Kennesaw,9/30/2023,9.87
Pioneer,9/30/2023,9.56
Bazzel,9/30/2023,10.27
June,9/30/2023,8.41
Johnny,9/30/2023,8.39
Osprey,9/30/2023,10.37
Riverwalk,9/30/2023,10.07
Collier,9/30/2023,10.08
Folly,9/30/2023,9.55
Dorchester,9/30/2023,9.85
Dogwood,9/30/2023,9.74
Walton,9/30/2023,9.18
Clover,9/30/2023,10.33
Dolly,9/30/2023,9.11
Kenny,9/30/2023,9.38
Creekside,9/30/2023,9.81
Willow,9/30/2023,9.59
Wilson,9/30/2023,9.75
Daisy,9/30/2023,9.92
Henry,9/30/2023,9.29
Sodalis,9/30/2023,9.6
Loretta,9/30/2023,9.57
Conway,9/30/2023,9.33
Belle,9/30/2023,9.56
Chitwood,9/30/2023,9.79
Spring,9/30/2023,9.83
Highland,9/30/2023,9.57
Wellington,9/30/2023,9.65
Braxton,9/30/2023,9.79
Reginald,9/30/2023,9.8
Camino,9/30/2023,9.23
Winston,9/30/2023,10.12
Inglewood,9/30/2023,9.9
Richardson,9/30/2023,9.8
Cumberland,9/30/2023,10.16
Bonneau,9/30/2023,10.2
Blossom,9/30/2023,9.86
Marcelo,9/30/2023,9.74
Taylor,9/30/2023,9.22
Aster,9/30/2023,9.43
Quincy,9/30/2023,9.56
Jill,9/30/2023,9.63
Marietta,9/30/2023,10.65
Mae,9/30/2023,10.07
Chester,9/30/2023,10.1
Shallowford,9/30/2023,9.89
Cypress,9/30/2023,9.36
Harrison,9/30/2023,9.7
Piedmont,9/30/2023,10.2
Kessler,9/30/2023,9.63
Creekwood,9/30/2023,9.88
Oasis,9/30/2023,10
Pointbreak,9/30/2023,10
Hammock,9/30/2023,10
Ace,9/30/2023,10
Cardinal,9/30/2023,10
Orchard,9/30/2023,10
Mirage,9/30/2023,10
Hansel,9/30/2023,8.82
Falcon,9/30/2023,12.34
Eagle,9/30/2023,12.01
Goose,9/30/2023,13.49
Cactus,9/30/2023,10
Opry,9/30/2023,10
Gretal,9/30/2023,9.65
Mimosa,9/30/2023,9.3
Redondo,9/30/2023,9.07
Sundance,9/30/2023,9.71
Lakeridge,9/30/2023,10
Serenity,9/30/2023,10
Sugarcreek,9/30/2023,10
Palm,9/30/2023,10
Chickamauga,9/30/2023,9.79
Sequoyah,9/30/2023,8.8
Havasu,9/30/2023,10
Litton,9/30/2023,10.45
Brainerd,9/30/2023,10.13
Brooklyn,9/30/2023,8.65
Regal,9/30/2023,10
Lurleen,9/30/2023,10.86
Haven,9/30/2023,10.43
Regency,9/30/2023,11.17
Sunnyside,9/30/2023,9.64
Korin,9/30/2023,9.8
Dops,9/30/2023,10.01
Lodge,9/30/2023,10
Chilhowee,9/30/2023,10.18
Sheezy,9/30/2023,10.2
Myrtle,9/30/2023,10
Kinlani,9/30/2023,10
Hickorybear,9/30/2023,10
Brennan,9/30/2023,10
Sajni,9/30/2023,9.9
Tuscarora,9/30/2023,9.7
Salinas,9/30/2023,9.65
Hansard,9/30/2023,10.3
Jefferson,9/30/2023,9.76
Marie,9/30/2023,10.03
Ella,9/30/2023,9.48
Cristalino,9/30/2023,10
Hermanos,9/30/2023,9.6
Bowling,9/30/2023,9.7
Emelina,9/30/2023,9.8
Caden,9/30/2023,9.01
Pasquin,9/30/2023,10
Koi,9/30/2023,10
Longbranch,9/30/2023,10
Coolbaugh,9/30/2023,10
Pinkshell,9/30/2023,10
Camellia,9/30/2023,10
Palmore,9/30/2023,10
Brookwood,9/30/2023,10
Lithonia,9/30/2023,10
Haverhill,9/30/2023,10
Woodwind,9/30/2023,10
Aspen,9/30/2023,10
Thomas,9/30/2023,10
Bennett,9/30/2023,10
Loop,9/30/2023,10
Pickler,9/30/2023,10
Benny,9/30/2023,10
Montgomery,9/30/2023,10
Summerglen,9/30/2023,10
Portsmouth,9/30/2023,10
Westhaven,9/30/2023,10
Wheeler,9/30/2023,10
Holmes,9/30/2023,10
Hamblen,9/30/2023,10
Cordero,9/30/2023,10
Ethan,9/30/2023,10
Watson,9/30/2023,10
Helmerich,9/30/2023,10
Claremore,9/30/2023,10
Haikey,9/30/2023,10
Bryant,9/30/2023,10
Wynde,9/30/2023,10
Hancock,9/30/2023,10
Alta,9/30/2023,10
Vita,9/30/2023,10
Preciosa,9/30/2023,10
Seafoam,9/30/2023,10
Tiara,9/30/2023,10
Coquina,9/30/2023,10
Billingswood,9/30/2023,10
Smokey,9/30/2023,10
Cove,9/30/2023,10
Belvedere,9/30/2023,10
Avondale,9/30/2023,10
Martell,9/30/2023,10
Mycroft,9/30/2023,10
Louis,9/30/2023,10
Longwoods,9/30/2023,10
Sims,9/30/2023,10
Fenwick,9/30/2023,10
Cawley,9/30/2023,10
Foster,9/30/2023,10
Marple,9/30/2023,10
Mary,9/30/2023,10
Onyx,9/30/2023,10
Porthos,9/30/2023,10
Simon,9/30/2023,10
Felix,9/30/2023,10
Delta,12/31/2023,7.61
Emporia,12/31/2023,10.5
Lovejoy,12/31/2023,9.65
Wave,12/31/2023,10.32
Grant,12/31/2023,13.06
Lallie,12/31/2023,11.22
Summerset,12/31/2023,12.16
Spencer,12/31/2023,13.12
Windsor,12/31/2023,13.18
Roseberry,12/31/2023,12.7
Sugar,12/31/2023,12.67
Forest,12/31/2023,11.81
Butter,12/31/2023,12.41
Centennial,12/31/2023,13.6
Meadow,12/31/2023,11.8
Collinston,12/31/2023,11.43
Saturn,12/31/2023,12.33
Amber,12/31/2023,10.26
Jupiter,12/31/2023,12.16
Weldon,12/31/2023,12.66
Holland,12/31/2023,11.88
Davidson,12/31/2023,11.9
Ribbonwalk,12/31/2023,12.43
Saddlebred,12/31/2023,10.09
Lily,12/31/2023,9.65
Kingsley,12/31/2023,12.9
Eastfair,12/31/2023,12.39
Luna,12/31/2023,13.46
Dewberry,12/31/2023,13.02
Badminton,12/31/2023,12.96
Coatbridge,12/31/2023,10.19
Lennox,12/31/2023,10.98
Olive,12/31/2023,11.15
Dawson,12/31/2023,12.18
Ridge,12/31/2023,13.02
Bayside,12/31/2023,12.08
Elm,12/31/2023,10.93
Westchester,12/31/2023,11.73
Limestone,12/31/2023,12.12
Greenhill,12/31/2023,12.03
Tuxford,12/31/2023,9.24
Matchingham,12/31/2023,12.86
Murphy,12/31/2023,12.46
Dolittle,12/31/2023,11.62
Odessa,12/31/2023,9.09
Ensenada,12/31/2023,10.29
Oly,12/31/2023,9.67
McLovin,12/31/2023,10.29
Holloway,12/31/2023,14.3
Basil,12/31/2023,12.75
Shoreline,12/31/2023,11.53
River,12/31/2023,14.07
Elevation,12/31/2023,10.68
Vernon,12/31/2023,11.48
Kawana,12/31/2023,11.52
Plumtree,12/31/2023,15.43
Chaparral,12/31/2023,15.3
Lierly,12/31/2023,23.18
Patrick,12/31/2023,14.75
Soapstone,12/31/2023,20.77
Pecan,12/31/2023,16.12
Splash,12/31/2023,14.22
Malbec,12/31/2023,14.29
Pinot,12/31/2023,14.69
Salem,12/31/2023,15.03
Tuscan,12/31/2023,13.84
Mojave,12/31/2023,14.05
Wentworth,12/31/2023,13.68
Cupcake,12/31/2023,14.83
Rooney,12/31/2023,10.88
KerriAnn,12/31/2023,10.34
Sigma,12/31/2023,12.51
Saint,12/31/2023,11.47
Scepter,12/31/2023,13.23
Bandelier,12/31/2023,12.32
Diablo,12/31/2023,9.69
Chelsea,12/31/2023,10.32
Terracotta,12/31/2023,10.44
Otoro,12/31/2023,8.4
Hollandaise,12/31/2023,10.71
Hadden,12/31/2023,11.77
Avebury,12/31/2023,10.67
Tulip,12/31/2023,7.86
Jack,12/31/2023,10.62
Bedford,12/31/2023,12.04
Louise,12/31/2023,9.41
Gardens,12/31/2023,8.3
Peanut,12/31/2023,10.15
100,12/31/2023,9.17
Grove,12/31/2023,9.37
Lanier,12/31/2023,10.67
Mammoth,12/31/2023,9.78
McGregor,12/31/2023,9.76
Point,12/31/2023,10.98
Roxy,12/31/2023,9.46
Wisteria,12/31/2023,11.14
Heron,12/31/2023,12.16
Stonebriar,12/31/2023,8.09
Heritage,12/31/2023,11.3
Magnolia,12/31/2023,9.93
Kirkwood,12/31/2023,10.24
Rosewood,12/31/2023,8.95
Apollo,12/31/2023,9.92
Baron,12/31/2023,8.64
Swift,12/31/2023,9.81
Wescott,12/31/2023,9.65
Wildwood,12/31/2023,10.32
Madison,12/31/2023,8.99
Abbington,12/31/2023,9.46
Burlington,12/31/2023,9.29
Lannister,12/31/2023,7.3
Nugget,12/31/2023,9.02
Pearl,12/31/2023,9.84
Hines,12/31/2023,10.11
Ritter,12/31/2023,9.43
101,12/31/2023,8.11
Jake,12/31/2023,9.2
Holcomb,12/31/2023,9.44
Latte,12/31/2023,10.43
Dunbar,12/31/2023,9.11
Lookout,12/31/2023,10.12
Reynolds,12/31/2023,10.04
Kennesaw,12/31/2023,9.55
Pioneer,12/31/2023,9.63
Bazzel,12/31/2023,9.68
June,12/31/2023,8.48
Johnny,12/31/2023,8.48
Osprey,12/31/2023,10.31
Riverwalk,12/31/2023,10.17
Collier,12/31/2023,10.01
Folly,12/31/2023,9.49
Dorchester,12/31/2023,9.66
Dogwood,12/31/2023,9.36
Walton,12/31/2023,9.22
Clover,12/31/2023,10.25
Dolly,12/31/2023,8.98
Kenny,12/31/2023,9.24
Creekside,12/31/2023,10.04
Willow,12/31/2023,9.13
Wilson,12/31/2023,9.97
Daisy,12/31/2023,9.96
Henry,12/31/2023,9.35
Sodalis,12/31/2023,9.27
Loretta,12/31/2023,9.48
Conway,12/31/2023,9.21
Belle,12/31/2023,9.22
Chitwood,12/31/2023,9.91
Spring,12/31/2023,9.54
Highland,12/31/2023,9.52
Wellington,12/31/2023,9.53
Braxton,12/31/2023,9.66
Reginald,12/31/2023,9.05
Camino,12/31/2023,9.55
Winston,12/31/2023,10.14
Inglewood,12/31/2023,9.86
Richardson,12/31/2023,10.01
Cumberland,12/31/2023,10.13
Bonneau,12/31/2023,10.06
Blossom,12/31/2023,9.55
Marcelo,12/31/2023,9.82
Taylor,12/31/2023,8.11
Aster,12/31/2023,9.22
Quincy,12/31/2023,9.35
Jill,12/31/2023,9.31
Marietta,12/31/2023,9.57
Mae,12/31/2023,9.8
Chester,12/31/2023,10.26
Shallowford,12/31/2023,9.91
Cypress,12/31/2023,9.11
Harrison,12/31/2023,9.86
Piedmont,12/31/2023,10.45
Kessler,12/31/2023,10.14
Creekwood,12/31/2023,9.97
Oasis,12/31/2023,8.98
Pointbreak,12/31/2023,8.32
Hammock,12/31/2023,9.51
Ace,12/31/2023,9.46
Cardinal,12/31/2023,10.86
Orchard,12/31/2023,9.26
Mirage,12/31/2023,8.88
Hansel,12/31/2023,8.61
Falcon,12/31/2023,12.46
Eagle,12/31/2023,12.26
Goose,12/31/2023,13.72
Cactus,12/31/2023,8.91
Opry,12/31/2023,9.86
Gretal,12/31/2023,9.57
Mimosa,12/31/2023,9.05
Redondo,12/31/2023,9.4
Sundance,12/31/2023,9.83
Lakeridge,12/31/2023,8.78
Serenity,12/31/2023,10.97
Sugarcreek,12/31/2023,8.9
Palm,12/31/2023,9.19
Chickamauga,12/31/2023,10.36
Sequoyah,12/31/2023,8.9
Havasu,12/31/2023,9.09
Litton,12/31/2023,10.73
Brainerd,12/31/2023,10.58
Brooklyn,12/31/2023,7.93
Regal,12/31/2023,10
Lurleen,12/31/2023,10
Haven,12/31/2023,10.84
Regency,12/31/2023,11.85
Sunnyside,12/31/2023,10.18
Korin,12/31/2023,10.17
Dops,12/31/2023,9.72
Lodge,12/31/2023,10
Chilhowee,12/31/2023,10
Sheezy,12/31/2023,10.67
Myrtle,12/31/2023,10
Kinlani,12/31/2023,10
Hickorybear,12/31/2023,10
Brennan,12/31/2023,8.22
Sajni,12/31/2023,10.21
Tuscarora,12/31/2023,10.48
Salinas,12/31/2023,9.27
Hansard,12/31/2023,10.52
Jefferson,12/31/2023,10.1
Marie,12/31/2023,10.51
Ella,12/31/2023,9.78
Cristalino,12/31/2023,9.48
Hermanos,12/31/2023,9.86
Bowling,12/31/2023,9.94
Emelina,12/31/2023,9.68
Caden,12/31/2023,9.35
Pasquin,12/31/2023,10
Koi,12/31/2023,10
Longbranch,12/31/2023,10
Coolbaugh,12/31/2023,10
Pinkshell,12/31/2023,10
Camellia,12/31/2023,10.18
Palmore,12/31/2023,9.3
Brookwood,12/31/2023,9.76
Lithonia,12/31/2023,9.52
Haverhill,12/31/2023,9.97
Woodwind,12/31/2023,9.86
Aspen,12/31/2023,9.84
Thomas,12/31/2023,9.98
Bennett,12/31/2023,10.25
Loop,12/31/2023,10
Pickler,12/31/2023,10
Benny,12/31/2023,9.94
Montgomery,12/31/2023,9.51
Summerglen,12/31/2023,9.57
Portsmouth,12/31/2023,9.57
Westhaven,12/31/2023,10.01
Wheeler,12/31/2023,10.06
Holmes,12/31/2023,9.7
Hamblen,12/31/2023,9.64
Cordero,12/31/2023,9.56
Ethan,12/31/2023,9.29
Watson,12/31/2023,9.67
Helmerich,12/31/2023,10.03
Claremore,12/31/2023,10.29
Haikey,12/31/2023,9.75
Bryant,12/31/2023,9.51
Wynde,12/31/2023,9.32
Hancock,12/31/2023,9.46
Alta,12/31/2023,10
Vita,12/31/2023,10
Preciosa,12/31/2023,10
Seafoam,12/31/2023,10
Tiara,12/31/2023,10
Coquina,12/31/2023,10
Billingswood,12/31/2023,10
Smokey,12/31/2023,10
Cove,12/31/2023,10.22
Belvedere,12/31/2023,9.71
Avondale,12/31/2023,9.37
Martell,12/31/2023,9.53
Mycroft,12/31/2023,9.54
Louis,12/31/2023,10
Longwoods,12/31/2023,10
Sims,12/31/2023,9.71
Fenwick,12/31/2023,10
Cawley,12/31/2023,10
Foster,12/31/2023,10
Marple,12/31/2023,9.66
Mary,12/31/2023,10
Onyx,12/31/2023,10
Porthos,12/31/2023,10
Simon,12/31/2023,10
Felix,12/31/2023,10
Osceola,12/31/2023,10
Knoll,12/31/2023,10
Sandbar,12/31/2023,10
Augusta,12/31/2023,10
Bella,12/31/2023,10
Franklin,12/31/2023,10
General,12/31/2023,10
Marion,12/31/2023,10
Palmer,12/31/2023,10
Theodore,12/31/2023,10
Solstice,12/31/2023,10
Bergenia,12/31/2023,10
Chinook,12/31/2023,10
Ellen,12/31/2023,10
Oscar,12/31/2023,10
SuiteSpot,12/31/2023,10
Lucas,12/31/2023,10
Woodland,12/31/2023,10
Pongo,12/31/2023,10
Arkoma,12/31/2023,10
Gordon,12/31/2023,10
Macomber,12/31/2023,10
Meridian,12/31/2023,10
Perdita,12/31/2023,10
Mallard,12/31/2023,10
Williamson,12/31/2023,10
Tytus,12/31/2023,10
Riverwood,12/31/2023,10
Roanoke,12/31/2023,10
Athos,12/31/2023,10
Barclay,12/31/2023,10
Liberty,12/31/2023,10
Bluebell,12/31/2023,10
Bradford,12/31/2023,10
Zane,12/31/2023,10
Antares,12/31/2023,10
Caterpillar,12/31/2023,10
Sherwood,12/31/2023,10
Sansa,12/31/2023,10
Tansel,12/31/2023,10
Lierly,3/31/2024,22.63
Soapstone,3/31/2024,20.75
Patrick,3/31/2024,14.69
Pecan,3/31/2024,16.6
Plumtree,3/31/2024,15.1
Chaparral,3/31/2024,15.07
Lallie,3/31/2024,11.08
Summerset,3/31/2024,12.83
Spencer,3/31/2024,12.66
Windsor,3/31/2024,13.41
Roseberry,3/31/2024,12.41
Centennial,3/31/2024,13.82
Kingsley,3/31/2024,11.84
Eastfair,3/31/2024,12.39
Luna,3/31/2024,12.3
Dewberry,3/31/2024,12.2
Badminton,3/31/2024,12.97
Holloway,3/31/2024,13.34
Basil,3/31/2024,12.71
Shoreline,3/31/2024,11.07
Splash,3/31/2024,14.4
Malbec,3/31/2024,14.39
Pinot,3/31/2024,14.79
Salem,3/31/2024,15.12
Tuscan,3/31/2024,13.98
Mojave,3/31/2024,14.34
Wentworth,3/31/2024,13.88
Cupcake,3/31/2024,15.03
Jake,3/31/2024,8.98
101,3/31/2024,8.62
Ritter,3/31/2024,9.17
Holcomb,3/31/2024,9.54
Latte,3/31/2024,10.53
Hines,3/31/2024,9.88
Osprey,3/31/2024,10
Johnny,3/31/2024,8.58
June,3/31/2024,8.63
Bazzel,3/31/2024,9.41
Pioneer,3/31/2024,9.29
Kennesaw,3/31/2024,9.5
Reynolds,3/31/2024,9.84
Lookout,3/31/2024,10.05
Dunbar,3/31/2024,8.96
Clover,3/31/2024,10.1
Dogwood,3/31/2024,9.38
Walton,3/31/2024,9.06
Dorchester,3/31/2024,9.34
Folly,3/31/2024,8.92
Collier,3/31/2024,9.85
Riverwalk,3/31/2024,10.05
Highland,3/31/2024,9.56
Spring,3/31/2024,9.31
Chitwood,3/31/2024,9.88
Belle,3/31/2024,8.87
Conway,3/31/2024,9.18
Loretta,3/31/2024,9.42
Sodalis,3/31/2024,9.12
Henry,3/31/2024,9.3
Daisy,3/31/2024,10.1
Wilson,3/31/2024,9.99
Willow,3/31/2024,9.49
Creekside,3/31/2024,10.09
Kenny,3/31/2024,9.05
Dolly,3/31/2024,8.78
Blossom,3/31/2024,9.69
Bonneau,3/31/2024,9.68
Cumberland,3/31/2024,10.09
Wellington,3/31/2024,9.32
Reginald,3/31/2024,8.77
Braxton,3/31/2024,9.4
Camino,3/31/2024,9.58
Inglewood,3/31/2024,9.88
Winston,3/31/2024,9.93
Richardson,3/31/2024,10.05
Marietta,3/31/2024,9.18
Jill,3/31/2024,8.69
Quincy,3/31/2024,9.26
Taylor,3/31/2024,7.45
Aster,3/31/2024,9.52
Marcelo,3/31/2024,9.79
Mae,3/31/2024,9.79
Kessler,3/31/2024,10.12
Piedmont,3/31/2024,8.8
Shallowford,3/31/2024,9.67
Chester,3/31/2024,10.07
Harrison,3/31/2024,9.95
Cypress,3/31/2024,9.04
Creekwood,3/31/2024,9.67
Eagle,3/31/2024,11.75
Falcon,3/31/2024,11.96
Goose,3/31/2024,13.16
Hansel,3/31/2024,8.02
Gretal,3/31/2024,9.26
Mimosa,3/31/2024,9.22
Redondo,3/31/2024,9.27
Sundance,3/31/2024,9.71
Brooklyn,3/31/2024,7.41
Brainerd,3/31/2024,10.45
Litton,3/31/2024,10.93
Chickamauga,3/31/2024,10.13
Sequoyah,3/31/2024,8.88
Sugar,3/31/2024,12.21
Coatbridge,3/31/2024,9.84
Lennox,3/31/2024,11.15
Olive,3/31/2024,10.74
Dawson,3/31/2024,11.66
Ridge,3/31/2024,12.46
Bayside,3/31/2024,11.25
Elm,3/31/2024,12.41
River,3/31/2024,13.85
Westchester,3/31/2024,10.61
Forest,3/31/2024,11.33
Limestone,3/31/2024,11.78
Jupiter,3/31/2024,12.69
Weldon,3/31/2024,13
Holland,3/31/2024,12.19
Elevation,3/31/2024,11.45
Collinston,3/31/2024,11.64
Saturn,3/31/2024,12.59
Meadow,3/31/2024,11.29
Amber,3/31/2024,10.98
Odessa,3/31/2024,8.74
Lily,3/31/2024,9.38
Saddlebred,3/31/2024,9.66
Lurleen,3/31/2024,9.96
Regency,3/31/2024,12.21
Korin,3/31/2024,10.18
Dops,3/31/2024,9.58
Sunnyside,3/31/2024,10.15
Tuscarora,3/31/2024,10.83
Salinas,3/31/2024,9.21
Hansard,3/31/2024,10.52
Jefferson,3/31/2024,10.24
Marie,3/31/2024,10.42
Brennan,3/31/2024,7.73
Sajni,3/31/2024,10.49
Ella,3/31/2024,9.89
Cove,3/31/2024,9.89
Martell,3/31/2024,9.5
Belvedere,3/31/2024,9.72
Avondale,3/31/2024,9.14
Mycroft,3/31/2024,9.75
Louis,3/31/2024,9.9
Longwoods,3/31/2024,9.77
Fenwick,3/31/2024,9.82
Osceola,3/31/2024,9.82
Sims,3/31/2024,9.74
Mary,3/31/2024,9.97
Marion,3/31/2024,9.98
Marple,3/31/2024,9.8
Porthos,3/31/2024,9.82
Bella,3/31/2024,9.36
Foster,3/31/2024,9.6
Palmer,3/31/2024,9.5
Onyx,3/31/2024,9.5
Augusta,3/31/2024,9.75
Franklin,3/31/2024,9.7
Cawley,3/31/2024,9.76
Simon,3/31/2024,9.72
Theodore,3/31/2024,9.82
General,3/31/2024,9.41
Bergenia,3/31/2024,9.79
Chinook,3/31/2024,9.47
Felix,3/31/2024,9.9
Oscar,3/31/2024,9.7
Ellen,3/31/2024,9.8
Davidson,3/31/2024,12.72
Matchingham,3/31/2024,11.94
Vernon,3/31/2024,10.71
Butter,3/31/2024,12.02
Murphy,3/31/2024,12.33
Dolittle,3/31/2024,11.24
Rooney,3/31/2024,10.47
Bandelier,3/31/2024,12.43
Scepter,3/31/2024,12.94
Ribbonwalk,3/31/2024,11.47
Ensenada,3/31/2024,9.57
KerriAnn,3/31/2024,9.09
Grant,3/31/2024,12.18
Oly,3/31/2024,9.63
McLovin,3/31/2024,9.94
Sigma,3/31/2024,12.25
Diablo,3/31/2024,9.29
Greenhill,3/31/2024,11.57
Saint,3/31/2024,11.17
Wave,3/31/2024,8.68
Delta,3/31/2024,6.44
Lovejoy,3/31/2024,9.72
Emporia,3/31/2024,9.32
Kawana,3/31/2024,11.15
Tuxford,3/31/2024,8.75
Hadden,3/31/2024,11.59
Hollandaise,3/31/2024,10.38
Terracotta,3/31/2024,10.04
Otoro,3/31/2024,7.82
Avebury,3/31/2024,10.81
Chelsea,3/31/2024,9.86
Bedford,3/31/2024,11.47
Jack,3/31/2024,10.33
Louise,3/31/2024,8.87
Gardens,3/31/2024,8.05
Peanut,3/31/2024,8.95
Tulip,3/31/2024,7.25
Wisteria,3/31/2024,11.87
Grove,3/31/2024,9.21
Point,3/31/2024,10.48
Rosewood,3/31/2024,8.72
Mammoth,3/31/2024,9.51
Roxy,3/31/2024,9.23
Lanier,3/31/2024,11.18
Heritage,3/31/2024,10.57
Heron,3/31/2024,10.94
Stonebriar,3/31/2024,7.52
Kirkwood,3/31/2024,9.93
McGregor,3/31/2024,9.66
Magnolia,3/31/2024,9.38
100,3/31/2024,9.42
Wildwood,3/31/2024,10.6
Madison,3/31/2024,8.99
Swift,3/31/2024,9.92
Apollo,3/31/2024,9.71
Wescott,3/31/2024,9.47
Baron,3/31/2024,8.6
Nugget,3/31/2024,8.83
Pearl,3/31/2024,9.61
Lannister,3/31/2024,7.15
Burlington,3/31/2024,8.97
Abbington,3/31/2024,9.4
Sheezy,3/31/2024,10.83
Chilhowee,3/31/2024,9.99
Bowling,3/31/2024,9.74
Cristalino,3/31/2024,9.61
Haven,3/31/2024,10.78
Hermanos,3/31/2024,10
Emelina,3/31/2024,9.54
Caden,3/31/2024,9.41
Camellia,3/31/2024,10.12
Palmore,3/31/2024,9.53
Brookwood,3/31/2024,9.77
Lithonia,3/31/2024,9.55
Woodwind,3/31/2024,9.71
Haverhill,3/31/2024,9.86
Aspen,3/31/2024,9.84
Thomas,3/31/2024,10.18
Bennett,3/31/2024,10.02
Summerglen,3/31/2024,9.55
Portsmouth,3/31/2024,9.64
Benny,3/31/2024,9.85
Montgomery,3/31/2024,9.52
Westhaven,3/31/2024,9.78
Holmes,3/31/2024,9.9
Watson,3/31/2024,9.89
Wheeler,3/31/2024,10
Cordero,3/31/2024,9.58
Hamblen,3/31/2024,10.08
Ethan,3/31/2024,9.46
Helmerich,3/31/2024,10.15
Claremore,3/31/2024,9.75
Haikey,3/31/2024,9.89
Bryant,3/31/2024,9.71
Wynde,3/31/2024,9.5
Hancock,3/31/2024,9.36
Oasis,3/31/2024,8.65
Mirage,3/31/2024,8.48
Cardinal,3/31/2024,11.26
Ace,3/31/2024,8.87
Orchard,3/31/2024,9.32
Hammock,3/31/2024,9.03
Pointbreak,3/31/2024,8.19
Cactus,3/31/2024,8.68
Opry,3/31/2024,8.91
Serenity,3/31/2024,10.16
Sugarcreek,3/31/2024,8.69
Lakeridge,3/31/2024,8.98
Palm,3/31/2024,9.24
Havasu,3/31/2024,8.7
Regal,3/31/2024,9.26
Lodge,3/31/2024,9.21
Myrtle,3/31/2024,8.88
Kinlani,3/31/2024,9.72
Hickorybear,3/31/2024,8.76
Pasquin,3/31/2024,9.25
Coolbaugh,3/31/2024,9.56
Longbranch,3/31/2024,9.21
Koi,3/31/2024,11.06
Lierly,6/30/2024,24.58
Soapstone,6/30/2024,21.52
Patrick,6/30/2024,15.94
Pecan,6/30/2024,17.2
Plumtree,6/30/2024,16.33
Chaparral,6/30/2024,16.59
Lallie,6/30/2024,9.36
Summerset,6/30/2024,12.63
Spencer,6/30/2024,12.01
Windsor,6/30/2024,12.63
Roseberry,6/30/2024,11.41
Centennial,6/30/2024,15.31
Kingsley,6/30/2024,11.94
Eastfair,6/30/2024,11.94
Luna,6/30/2024,12.89
Dewberry,6/30/2024,12.18
Badminton,6/30/2024,13.34
Holloway,6/30/2024,13.44
Basil,6/30/2024,13.03
Shoreline,6/30/2024,10.65
Splash,6/30/2024,14.89
Malbec,6/30/2024,15.36
Pinot,6/30/2024,15.94
Salem,6/30/2024,16.29
Tuscan,6/30/2024,14.81
Mojave,6/30/2024,14.81
Wentworth,6/30/2024,14.4
Cupcake,6/30/2024,15.34
Jake,6/30/2024,8.91
101,6/30/2024,8.55
Ritter,6/30/2024,9.18
Holcomb,6/30/2024,9.36
Latte,6/30/2024,10.46
Hines,6/30/2024,9.87
Osprey,6/30/2024,10.07
Johnny,6/30/2024,8.95
June,6/30/2024,8.95
Bazzel,6/30/2024,9.55
Pioneer,6/30/2024,9.09
Kennesaw,6/30/2024,9.69
Reynolds,6/30/2024,9.45
Lookout,6/30/2024,10.01
Dunbar,6/30/2024,8.55
Clover,6/30/2024,9.89
Dogwood,6/30/2024,10.09
Walton,6/30/2024,9.27
Dorchester,6/30/2024,9.55
Folly,6/30/2024,9.3
Collier,6/30/2024,9.94
Riverwalk,6/30/2024,10.06
Highland,6/30/2024,9.61
Spring,6/30/2024,9.21
Chitwood,6/30/2024,9.75
Belle,6/30/2024,8.69
Conway,6/30/2024,8.92
Loretta,6/30/2024,9.35
Sodalis,6/30/2024,9
Henry,6/30/2024,8.95
Daisy,6/30/2024,10.13
Wilson,6/30/2024,10.05
Willow,6/30/2024,9.6
Creekside,6/30/2024,10.1
Kenny,6/30/2024,9.18
Dolly,6/30/2024,9.01
Blossom,6/30/2024,10.15
Bonneau,6/30/2024,9.83
Cumberland,6/30/2024,9.82
Wellington,6/30/2024,9.41
Reginald,6/30/2024,8.58
Braxton,6/30/2024,9.41
Camino,6/30/2024,9.67
Inglewood,6/30/2024,9.81
Winston,6/30/2024,9.86
Richardson,6/30/2024,10.46
Marietta,6/30/2024,9.08
Jill,6/30/2024,9.28
Quincy,6/30/2024,9.04
Taylor,6/30/2024,7.98
Aster,6/30/2024,9.72
Marcelo,6/30/2024,9.51
Mae,6/30/2024,10.02
Kessler,6/30/2024,10.23
Piedmont,6/30/2024,9.04
Shallowford,6/30/2024,9.54
Chester,6/30/2024,9.92
Harrison,6/30/2024,10.05
Cypress,6/30/2024,9.32
Creekwood,6/30/2024,9.37
Eagle,6/30/2024,12.85
Falcon,6/30/2024,13.18
Goose,6/30/2024,14.41
Hansel,6/30/2024,8.56
Gretal,6/30/2024,9.54
Mimosa,6/30/2024,10.11
Redondo,6/30/2024,10.19
Sundance,6/30/2024,10.07
Brooklyn,6/30/2024,8
Brainerd,6/30/2024,10.96
Litton,6/30/2024,11.62
Chickamauga,6/30/2024,10.5
Sequoyah,6/30/2024,8.93
Sugar,6/30/2024,11.6
Coatbridge,6/30/2024,9.96
Lennox,6/30/2024,11.38
Olive,6/30/2024,10.48
Dawson,6/30/2024,11.37
Ridge,6/30/2024,12.17
Bayside,6/30/2024,11.99
Elm,6/30/2024,12.55
River,6/30/2024,13.79
Westchester,6/30/2024,10.24
Forest,6/30/2024,11.05
Limestone,6/30/2024,11.11
Jupiter,6/30/2024,12.29
Weldon,6/30/2024,13.2
Holland,6/30/2024,12.35
Elevation,6/30/2024,11.12
Collinston,6/30/2024,11.2
Saturn,6/30/2024,12.77
Meadow,6/30/2024,11.21
Amber,6/30/2024,11.42
Odessa,6/30/2024,9.12
Lily,6/30/2024,8.61
Saddlebred,6/30/2024,9.53
Lurleen,6/30/2024,10.15
Regency,6/30/2024,12.3
Korin,6/30/2024,10.26
Dops,6/30/2024,9.93
Sunnyside,6/30/2024,10.17
Tuscarora,6/30/2024,10.89
Salinas,6/30/2024,9.48
Hansard,6/30/2024,10.75
Jefferson,6/30/2024,10.64
Marie,6/30/2024,11.08
Brennan,6/30/2024,8.37
Sajni,6/30/2024,10.26
Ella,6/30/2024,9.94
Cove,6/30/2024,10.23
Martell,6/30/2024,9.39
Belvedere,6/30/2024,9.84
Avondale,6/30/2024,9.45
Mycroft,6/30/2024,9.8
Louis,6/30/2024,9.81
Longwoods,6/30/2024,9.75
Fenwick,6/30/2024,9.81
Osceola,6/30/2024,9.86
Sims,6/30/2024,9.78
Mary,6/30/2024,10.72
Marion,6/30/2024,9.85
Marple,6/30/2024,9.95
Porthos,6/30/2024,9.84
Bella,6/30/2024,9.27
Foster,6/30/2024,9.83
Palmer,6/30/2024,9.65
Onyx,6/30/2024,9.62
Augusta,6/30/2024,9.93
Franklin,6/30/2024,9.67
Cawley,6/30/2024,9.84
Simon,6/30/2024,10.02
Theodore,6/30/2024,10.04
General,6/30/2024,9.74
Bergenia,6/30/2024,10.01
Chinook,6/30/2024,9.53
Felix,6/30/2024,10.13
Oscar,6/30/2024,9.96
Ellen,6/30/2024,9.86
Eastwood,6/30/2024,9.86
Ballinger,6/30/2024,9.85
Peterson,6/30/2024,9.93
Briarwood,6/30/2024,9.82
Irene,6/30/2024,10.19
Fletcher,6/30/2024,10.17
Calvin,6/30/2024,9.74
Hobbes,6/30/2024,9.57
Winchester,6/30/2024,10.46
Davidson,6/30/2024,12.5
Matchingham,6/30/2024,11.28
Vernon,6/30/2024,10.25
Butter,6/30/2024,11.79
Murphy,6/30/2024,12.17
Dolittle,6/30/2024,11.39
Rooney,6/30/2024,10.58
Bandelier,6/30/2024,12.71
Scepter,6/30/2024,12.01
Ribbonwalk,6/30/2024,11.73
Ensenada,6/30/2024,10.37
KerriAnn,6/30/2024,8.19
Grant,6/30/2024,12.1
Oly,6/30/2024,9.54
McLovin,6/30/2024,9.44
Sigma,6/30/2024,12.07
Diablo,6/30/2024,8.34
Greenhill,6/30/2024,9.97
Saint,6/30/2024,10.59
Wave,6/30/2024,7.11
Delta,6/30/2024,6.45
Lovejoy,6/30/2024,8.62
Emporia,6/30/2024,7.83
Kawana,6/30/2024,10.72
Tuxford,6/30/2024,7.58
Hadden,6/30/2024,11.26
Hollandaise,6/30/2024,9.81
Terracotta,6/30/2024,9.88
Otoro,6/30/2024,6.64
Avebury,6/30/2024,10.32
Chelsea,6/30/2024,9.68
Bedford,6/30/2024,11.71
Jack,6/30/2024,10.02
Louise,6/30/2024,9.04
Gardens,6/30/2024,8.4
Peanut,6/30/2024,10.07
Tulip,6/30/2024,7.25
Wisteria,6/30/2024,10.49
Grove,6/30/2024,9.46
Point,6/30/2024,9.4
Rosewood,6/30/2024,8.87
Mammoth,6/30/2024,8.78
Roxy,6/30/2024,8.62
Lanier,6/30/2024,11.19
Heritage,6/30/2024,9.69
Heron,6/30/2024,10.36
Stonebriar,6/30/2024,7.83
Kirkwood,6/30/2024,9.31
McGregor,6/30/2024,9.6
Magnolia,6/30/2024,9.68
100,6/30/2024,9.31
Wildwood,6/30/2024,10.8
Madison,6/30/2024,9.21
Swift,6/30/2024,10.01
Apollo,6/30/2024,9.29
Wescott,6/30/2024,8.93
Baron,6/30/2024,8.72
Nugget,6/30/2024,8.84
Pearl,6/30/2024,9.33
Lannister,6/30/2024,6.96
Burlington,6/30/2024,8.99
Abbington,6/30/2024,9.19
Sheezy,6/30/2024,11.42
Chilhowee,6/30/2024,9.81
Bowling,6/30/2024,9.69
Cristalino,6/30/2024,10.08
Haven,6/30/2024,10.63
Hermanos,6/30/2024,10.14
Emelina,6/30/2024,10.11
Caden,6/30/2024,9.42
Pebblestone,6/30/2024,9.74
Keystone,6/30/2024,9.8
Hardman,6/30/2024,10
Collinison,6/30/2024,9.86
Northbrook,6/30/2024,9.72
Camellia,6/30/2024,10.4
Palmore,6/30/2024,10.02
Brookwood,6/30/2024,9.83
Lithonia,6/30/2024,9.41
Woodwind,6/30/2024,9.75
Haverhill,6/30/2024,10.34
Aspen,6/30/2024,9.77
Thomas,6/30/2024,10.49
Bennett,6/30/2024,10.31
Summerglen,6/30/2024,9.52
Portsmouth,6/30/2024,10.03
Benny,6/30/2024,9.81
Montgomery,6/30/2024,8.41
Westhaven,6/30/2024,9.99
Holmes,6/30/2024,9.94
Watson,6/30/2024,9.94
Wheeler,6/30/2024,10.19
Cordero,6/30/2024,9.99
Hamblen,6/30/2024,10.91
Ethan,6/30/2024,9.54
Helmerich,6/30/2024,10.52
Claremore,6/30/2024,9.76
Haikey,6/30/2024,10.06
Bryant,6/30/2024,9.84
Wynde,6/30/2024,9.57
Hancock,6/30/2024,9.72
Arkoma,6/30/2024,9.98
Gordon,6/30/2024,9.92
Woodland,6/30/2024,10.48
Meridian,6/30/2024,9.84
Pongo,6/30/2024,10.37
Perdita,6/30/2024,10.27
Lucas,6/30/2024,10.21
Macomber,6/30/2024,9.89
Bean,6/30/2024,9.96
Williamson,6/30/2024,10.25
Liberty,6/30/2024,10.01
Mallard,6/30/2024,10.1
Riverwood,6/30/2024,9.91
Sherwood,6/30/2024,9.72
Bradford,6/30/2024,10.6
Barclay,6/30/2024,10.44
Tytus,6/30/2024,10.52
Bluebell,6/30/2024,10.03
Tansel,6/30/2024,9.88
Caterpillar,6/30/2024,9.98
Antares,6/30/2024,9.7
Zane,6/30/2024,9.71
Athos,6/30/2024,9.85
Aramis,6/30/2024,9.75
Roanoke,6/30/2024,10.92
Ellie,6/30/2024,10.22
Sansa,6/30/2024,9.74
Arya,6/30/2024,9.58
Marcy,6/30/2024,9.62
Layla,6/30/2024,9.65
Lola,6/30/2024,9.91
Haybridge,6/30/2024,9.75
Hedgecrest,6/30/2024,9.78
Ratliff,6/30/2024,9.75
Oasis,6/30/2024,7.37
Mirage,6/30/2024,8.56
Cardinal,6/30/2024,11.84
Ace,6/30/2024,9.04
Orchard,6/30/2024,9.4
Hammock,6/30/2024,8.39
Pointbreak,6/30/2024,8.42
Cactus,6/30/2024,9.02
Opry,6/30/2024,9.17
Serenity,6/30/2024,10.78
Sugarcreek,6/30/2024,8.88
Lakeridge,6/30/2024,8.58
Palm,6/30/2024,8.86
Havasu,6/30/2024,8.71
Regal,6/30/2024,9.48
Lodge,6/30/2024,9.37
Myrtle,6/30/2024,8.83
Kinlani,6/30/2024,9.87
Hickorybear,6/30/2024,8.65
Pasquin,6/30/2024,9.02
Coolbaugh,6/30/2024,9.22
Longbranch,6/30/2024,9.24
Koi,6/30/2024,11.47
Loop,6/30/2024,9.39
Pickler,6/30/2024,10.15
Pinkshell,6/30/2024,9.11
Alta,6/30/2024,9.39
Vita,6/30/2024,10
Billingswood,6/30/2024,9.23
Smokey,6/30/2024,9.42
Preciosa,6/30/2024,9.87
Seafoam,6/30/2024,9.44
Tiara,6/30/2024,9.46
Coquina,6/30/2024,9.94
100,9/30/2024,9.11
101,9/30/2024,8.38
Abbington,9/30/2024,9.1
Abernant,9/30/2024,9.77
Alvin,9/30/2024,10.89
Amber,9/30/2024,10.37
Apollo,9/30/2024,9.29
Aster,9/30/2024,9.64
Augusta,9/30/2024,9.84
Avebury,9/30/2024,9.24
Avondale,9/30/2024,9.34
Badminton,9/30/2024,12.99
Ballinger,9/30/2024,9.59
Bandelier,9/30/2024,11.26
Baron,9/30/2024,8.36
Basil,9/30/2024,12.94
Bayside,9/30/2024,11.03
Bazzel,9/30/2024,9.6
Bedford,9/30/2024,9.79
Bella,9/30/2024,9.58
Belle,9/30/2024,8.23
Belvedere,9/30/2024,9.87
Bergenia,9/30/2024,10.06
Blossom,9/30/2024,10.1
Bonneau,9/30/2024,9.78
Brainerd,9/30/2024,10.92
Braxton,9/30/2024,9.27
Brennan,9/30/2024,7.38
Briarwood,9/30/2024,9.77
Brooklyn,9/30/2024,8.25
Burlington,9/30/2024,8.77
Butter,9/30/2024,11.45
Calvin,9/30/2024,9.62
Camino,9/30/2024,9.5
Cawley,9/30/2024,9.68
Centennial,9/30/2024,12.02
Chaparral,9/30/2024,16.16
Chelsea,9/30/2024,8.96
Chester,9/30/2024,9.73
Chickamauga,9/30/2024,10.29
Chinook,9/30/2024,9.44
Chitwood,9/30/2024,9.87
Clover,9/30/2024,9.44
Coatbridge,9/30/2024,9.32
Collier,9/30/2024,10.07
Collinston,9/30/2024,10.37
Conway,9/30/2024,8.89
Cove,9/30/2024,10.08
Creekside,9/30/2024,9.96
Creekwood,9/30/2024,9.31
Cumberland,9/30/2024,9.44
Cupcake,9/30/2024,14.75
Cypress,9/30/2024,9
Daisy,9/30/2024,9.92
Davidson,9/30/2024,11.92
Dawson,9/30/2024,11.19
Delta,9/30/2024,5.96
Dewberry,9/30/2024,12.2
Diablo,9/30/2024,8.54
Dogwood,9/30/2024,9.79
Dolittle,9/30/2024,12.01
Dolly,9/30/2024,8.74
Dops,9/30/2024,10.02
Dorchester,9/30/2024,9.62
Dunbar,9/30/2024,8.8
Eagle,9/30/2024,12.59
Eastfair,9/30/2024,10.94
Eastwood,9/30/2024,10.26
Elevation,9/30/2024,9.77
Ella,9/30/2024,10.02
Ellen,9/30/2024,9.96
Elm,9/30/2024,13.02
Emporia,9/30/2024,6.74
Ensenada,9/30/2024,9.43
Falcon,9/30/2024,12.8
Felix,9/30/2024,10.09
Fenwick,9/30/2024,9.65
Fletcher,9/30/2024,10
Folly,9/30/2024,9.32
Forest,9/30/2024,11.76
Foster,9/30/2024,9.97
Franklin,9/30/2024,9.82
Gardens,9/30/2024,8.18
General,9/30/2024,9.89
Goose,9/30/2024,14.07
Grant,9/30/2024,11.79
Greenhill,9/30/2024,9.32
Gretal,9/30/2024,9.59
Grove,9/30/2024,9.29
Hadden,9/30/2024,10.35
Hansard,9/30/2024,10.84
Hansel,9/30/2024,8.41
Hargrave,9/30/2024,9.21
Harrison,9/30/2024,9.98
Henry,9/30/2024,8.1
Heritage,9/30/2024,9.76
Heron,9/30/2024,10.96
Highland,9/30/2024,9.56
Hines,9/30/2024,9.7
Hobbes,9/30/2024,9.47
Holcomb,9/30/2024,8.92
Holland,9/30/2024,11.72
Hollandaise,9/30/2024,8.48
Holloway,9/30/2024,12.77
Inglewood,9/30/2024,9.58
Irene,9/30/2024,10
Jack,9/30/2024,9.38
Jake,9/30/2024,8.77
Jefferson,9/30/2024,10.47
Jill,9/30/2024,9.32
Johnny,9/30/2024,8.78
June,9/30/2024,8.87
Jupiter,9/30/2024,11.92
Kawana,9/30/2024,10.49
Kennesaw,9/30/2024,9.38
Kenny,9/30/2024,8.92
KerriAnn,9/30/2024,7.9
Kessler,9/30/2024,10.01
Kingsley,9/30/2024,10.9
Kirkwood,9/30/2024,9.16
Korin,9/30/2024,10.78
Lallie,9/30/2024,9.07
Lanier,9/30/2024,10.24
Lannister,9/30/2024,6.53
Latte,9/30/2024,9.93
Lennox,9/30/2024,11.27
Lierly,9/30/2024,23.83
Lily,9/30/2024,8.08
Limestone,9/30/2024,10.26
Litton,9/30/2024,10.95
Longwoods,9/30/2024,9.79
Lookout,9/30/2024,9.77
Loretta,9/30/2024,9.23
Louis,9/30/2024,9.96
Louise,9/30/2024,8.65
Lovejoy,9/30/2024,8.15
Luna,9/30/2024,12.3
Lurleen,9/30/2024,9.85
Madison,9/30/2024,8.67
Mae,9/30/2024,9.92
Magnolia,9/30/2024,8.73
Malbec,9/30/2024,15.37
Mammoth,9/30/2024,7.77
Marcelo,9/30/2024,9.65
Marie,9/30/2024,11.43
Marietta,9/30/2024,8.19
Marion,9/30/2024,9.83
Marple,9/30/2024,9.4
Martell,9/30/2024,9.39
Mary,9/30/2024,10.56
Matchingham,9/30/2024,10.93
McGregor,9/30/2024,9.59
McLovin,9/30/2024,8.8
Meadow,9/30/2024,10.81
Mimosa,9/30/2024,9.97
Mojave,9/30/2024,14.34
Murphy,9/30/2024,12.56
Mycroft,9/30/2024,9.57
Nugget,9/30/2024,8.62
Odessa,9/30/2024,8.37
Olive,9/30/2024,10.15
Oly,9/30/2024,8.81
Onyx,9/30/2024,9.43
Oscar,9/30/2024,10.1
Osceola,9/30/2024,9.81
Osprey,9/30/2024,9.9
Otoro,9/30/2024,5.51
Palmer,9/30/2024,9.48
Patrick,9/30/2024,15.27
Peanut,9/30/2024,9.55
Pearl,9/30/2024,8.9
Pecan,9/30/2024,17.07
Peterson,9/30/2024,9.93
Piedmont,9/30/2024,8.79
Pinot,9/30/2024,15.58
Pioneer,9/30/2024,8.84
Plumtree,9/30/2024,15.76
Point,9/30/2024,8.71
Porthos,9/30/2024,9.77
Quincy,9/30/2024,8.78
Redondo,9/30/2024,10.31
Regency,9/30/2024,12.05
Reginald,9/30/2024,8.4
Reynolds,9/30/2024,9.12
Ribbonwalk,9/30/2024,11.22
Richardson,9/30/2024,10.35
Richmond,9/30/2024,9.75
Ridge,9/30/2024,12.3
Ritter,9/30/2024,9.02
River,9/30/2024,13.26
Riverwalk,9/30/2024,10.02
Rooney,9/30/2024,10.6
Roseberry,9/30/2024,11.46
Rosewood,9/30/2024,8.81
Roxy,9/30/2024,8.63
Saddlebred,9/30/2024,8.82
Saint,9/30/2024,10.32
Sajni,9/30/2024,10.23
Salem,9/30/2024,16.13
Salinas,9/30/2024,9.88
Saturn,9/30/2024,12.1
Scepter,9/30/2024,11.47
Sequoyah,9/30/2024,9.23
Shallowford,9/30/2024,9.05
Shoreline,9/30/2024,10.19
Sigma,9/30/2024,11.99
Simon,9/30/2024,9.89
Sims,9/30/2024,9.77
Soapstone,9/30/2024,21.65
Sodalis,9/30/2024,8.73
Spencer,9/30/2024,11.59
Splash,9/30/2024,14.51
Spring,9/30/2024,9.24
Stonebriar,9/30/2024,7.44
Sugar,9/30/2024,11.47
Summerset,9/30/2024,12.49
Sundance,9/30/2024,9.87
Sunnyside,9/30/2024,10.35
Swift,9/30/2024,9.66
Taylor,9/30/2024,7.97
Terracotta,9/30/2024,9.34
Theodore,9/30/2024,9.86
Tulip,9/30/2024,7
Tuscan,9/30/2024,14.88
Tuscarora,9/30/2024,10.73
Tuxford,9/30/2024,6.77
Vernon,9/30/2024,9.03
Walton,9/30/2024,9.27
Wave,9/30/2024,5.05
Weldon,9/30/2024,12.59
Wellington,9/30/2024,9.19
Wentworth,9/30/2024,13.9
Wescott,9/30/2024,8.45
Westchester,9/30/2024,9.69
Wildwood,9/30/2024,10.33
Willow,9/30/2024,9.56
Wilson,9/30/2024,10
Winchester,9/30/2024,9.62
Windsor,9/30/2024,12.73
Winston,9/30/2024,9.56
Wisteria,9/30/2024,9.59
Antares,9/30/2024,9.51
Aramis,9/30/2024,9.68
Arkoma,9/30/2024,10.07
Arya,9/30/2024,9.07
Aspen,9/30/2024,9.71
Athos,9/30/2024,9.79
Barclay,9/30/2024,10.49
Bean,9/30/2024,9.97
Bennett,9/30/2024,10.23
Benny,9/30/2024,9.93
Bluebell,9/30/2024,10.01
Bowling,9/30/2024,9.6
Bradford,9/30/2024,10.51
Brookwood,9/30/2024,9.78
Bryant,9/30/2024,9.78
Caden,9/30/2024,9.74
Camellia,9/30/2024,10.54
Caterpillar,9/30/2024,9.75
Chilhowee,9/30/2024,10.01
Claremore,9/30/2024,9.58
Collinison,9/30/2024,10.02
Cordero,9/30/2024,10.22
Cristalino,9/30/2024,10.03
Ellie,9/30/2024,10.49
Emelina,9/30/2024,10.08
Ethan,9/30/2024,9.87
Frances,9/30/2024,9.69
Gordon,9/30/2024,9.97
Haikey,9/30/2024,9.98
Hamblen,9/30/2024,10.87
Hancock,9/30/2024,9.64
Hardman,9/30/2024,10.21
Haven,9/30/2024,10.77
Haverhill,9/30/2024,10.13
Haybridge,9/30/2024,9.5
Hedgecrest,9/30/2024,9.48
Helmerich,9/30/2024,10.27
Hermanos,9/30/2024,10.25
Holmes,9/30/2024,9.57
Keystone,9/30/2024,9.97
Layla,9/30/2024,9.75
Liberty,9/30/2024,9.82
Lithonia,9/30/2024,9.23
Lola,9/30/2024,10.01
Lucas,9/30/2024,10.19
Macomber,9/30/2024,9.97
Mallard,9/30/2024,9.98
Marcy,9/30/2024,9.5
Meridian,9/30/2024,10.06
Montgomery,9/30/2024,9.66
Northbrook,9/30/2024,9.62
Northridge,9/30/2024,10.39
Palmore,9/30/2024,9.78
Pebblestone,9/30/2024,9.94
Perdita,9/30/2024,10.13
Pongo,9/30/2024,10.21
Portsmouth,9/30/2024,10.02
Rachel,9/30/2024,9.82
Ratliff,9/30/2024,9.73
Riverwood,9/30/2024,10
Roanoke,9/30/2024,10.76
Ross,9/30/2024,9.99
Sansa,9/30/2024,9.6
Sheezy,9/30/2024,11.46
Sherwood,9/30/2024,9.55
Summerglen,9/30/2024,9.63
Tansel,9/30/2024,10.07
Thomas,9/30/2024,10.4
Tytus,9/30/2024,10.53
Vanzant,9/30/2024,9.98
Watson,9/30/2024,9.68
Westhaven,9/30/2024,10.03
Wheeler,9/30/2024,9.95
Williamson,9/30/2024,10.35
Woodland,9/30/2024,10.72
Woodwind,9/30/2024,9.67
Wynde,9/30/2024,9.92
Wyndhurst,9/30/2024,9.72
Zane,9/30/2024,9.88
Alta,9/30/2024,9.26
Coquina,9/30/2024,9.72
Knoll,9/30/2024,9.3
Pinkshell,9/30/2024,10.05
Preciosa,9/30/2024,9.8
Sandbar,9/30/2024,10.74
Seafoam,9/30/2024,9.44
Tiara,9/30/2024,9.88
Vita,9/30/2024,10
Ace,9/30/2024,8.69
Billingswood,9/30/2024,9.17
Cactus,9/30/2024,9.15
Cardinal,9/30/2024,12.93
Coolbaugh,9/30/2024,9.35
Hammock,9/30/2024,8.16
Havasu,9/30/2024,8.69
Hickorybear,9/30/2024,8.55
Kinlani,9/30/2024,9.87
Koi,9/30/2024,12
Lakeridge,9/30/2024,8.28
Lodge,9/30/2024,9.45
Longbranch,9/30/2024,9.19
Loop,9/30/2024,9.22
Mirage,9/30/2024,7.94
Myrtle,9/30/2024,9.6
Oasis,9/30/2024,6.52
Opry,9/30/2024,7.64
Orchard,9/30/2024,9.31
Palm,9/30/2024,8.38
Pasquin,9/30/2024,8.83
Pickler,9/30/2024,10.38
Pointbreak,9/30/2024,8.56
Regal,9/30/2024,8.69
Serenity,9/30/2024,10.67
Smokey,9/30/2024,9.27
Solstice,9/30/2024,9.64
Sugarcreek,9/30/2024,8.63
SuiteSpot,9/30/2024,11.22
Lierly,12/31/2024,23.91
Soapstone,12/31/2024,21.53
Patrick,12/31/2024,15.61
Pecan,12/31/2024,17.11
Plumtree,12/31/2024,15.76
Chaparral,12/31/2024,16.49
Lallie,12/31/2024,8.94
Summerset,12/31/2024,12.77
Spencer,12/31/2024,11.29
Windsor,12/31/2024,11.46
Roseberry,12/31/2024,11.13
Kingsley,12/31/2024,11.22
Eastfair,12/31/2024,11.02
Luna,12/31/2024,12.1
Dewberry,12/31/2024,11.22
Badminton,12/31/2024,12.32
Holloway,12/31/2024,12.77
Basil,12/31/2024,12.68
Shoreline,12/31/2024,9.44
Splash,12/31/2024,14.57
Malbec,12/31/2024,15.13
Pinot,12/31/2024,15.1
Salem,12/31/2024,15.05
Tuscan,12/31/2024,14.11
Mojave,12/31/2024,14.06
Wentworth,12/31/2024,14.08
Cupcake,12/31/2024,14.99
Jake,12/31/2024,8.38
101,12/31/2024,8.22
Ritter,12/31/2024,9.05
Holcomb,12/31/2024,8.49
Latte,12/31/2024,9.8
Hines,12/31/2024,9.46
Osprey,12/31/2024,9.46
Johnny,12/31/2024,8.59
June,12/31/2024,8.57
Bazzel,12/31/2024,9.48
Pioneer,12/31/2024,8.62
Kennesaw,12/31/2024,9.32
Reynolds,12/31/2024,8.79
Lookout,12/31/2024,9.74
Dunbar,12/31/2024,8.54
Clover,12/31/2024,9.31
Dogwood,12/31/2024,9.73
Walton,12/31/2024,9.1
Dorchester,12/31/2024,9.53
Folly,12/31/2024,8.95
Collier,12/31/2024,10.1
Riverwalk,12/31/2024,9.99
Highland,12/31/2024,9.33
Spring,12/31/2024,9.21
Chitwood,12/31/2024,9.92
Belle,12/31/2024,8.06
Conway,12/31/2024,8.98
Loretta,12/31/2024,9.24
Sodalis,12/31/2024,8.63
Henry,12/31/2024,8.1
Daisy,12/31/2024,10.17
Wilson,12/31/2024,9.78
Willow,12/31/2024,9.62
Creekside,12/31/2024,9.92
Kenny,12/31/2024,8.74
Dolly,12/31/2024,8.6
Blossom,12/31/2024,10.28
Bonneau,12/31/2024,9.66
Cumberland,12/31/2024,9.17
Wellington,12/31/2024,8.91
Reginald,12/31/2024,8.01
Braxton,12/31/2024,9.13
Camino,12/31/2024,9.22
Inglewood,12/31/2024,9.46
Winston,12/31/2024,9.24
Richardson,12/31/2024,10.26
Marietta,12/31/2024,8.45
Jill,12/31/2024,8.63
Quincy,12/31/2024,8.6
Taylor,12/31/2024,8.55
Aster,12/31/2024,9.8
Marcelo,12/31/2024,9.5
Mae,12/31/2024,9.65
Kessler,12/31/2024,10.02
Piedmont,12/31/2024,8.19
Shallowford,12/31/2024,8.79
Chester,12/31/2024,9.89
Harrison,12/31/2024,9.8
Cypress,12/31/2024,8.62
Creekwood,12/31/2024,8.94
Eagle,12/31/2024,12.63
Falcon,12/31/2024,12.66
Goose,12/31/2024,14.13
Hansel,12/31/2024,7.74
Gretal,12/31/2024,9.44
Mimosa,12/31/2024,9.84
Redondo,12/31/2024,9.85
Sundance,12/31/2024,9.58
Brooklyn,12/31/2024,7.92
Brainerd,12/31/2024,11
Litton,12/31/2024,10.84
Chickamauga,12/31/2024,10.22
Sequoyah,12/31/2024,9.14
Sugar,12/31/2024,11.18
Coatbridge,12/31/2024,9.63
Lennox,12/31/2024,11.33
Olive,12/31/2024,9.78
Dawson,12/31/2024,10.94
Ridge,12/31/2024,11.98
Bayside,12/31/2024,10.79
Elm,12/31/2024,13.7
River,12/31/2024,13.02
Westchester,12/31/2024,9.32
Forest,12/31/2024,11.15
Limestone,12/31/2024,10.14
Jupiter,12/31/2024,11.4
Weldon,12/31/2024,12.2
Holland,12/31/2024,11.53
Elevation,12/31/2024,8.63
Collinston,12/31/2024,10.27
Saturn,12/31/2024,11.37
Meadow,12/31/2024,10.27
Amber,12/31/2024,10.11
Odessa,12/31/2024,8.03
Lily,12/31/2024,7.85
Saddlebred,12/31/2024,8.66
Lurleen,12/31/2024,9.79
Regency,12/31/2024,12.18
Korin,12/31/2024,10.69
Dops,12/31/2024,9.86
Sunnyside,12/31/2024,10.05
Tuscarora,12/31/2024,10.7
Salinas,12/31/2024,10.27
Hansard,12/31/2024,10.79
Jefferson,12/31/2024,10.4
Marie,12/31/2024,11.2
Brennan,12/31/2024,7.33
Sajni,12/31/2024,10.33
Ella,12/31/2024,9.96
Cove,12/31/2024,9.62
Martell,12/31/2024,9.28
Belvedere,12/31/2024,9.67
Avondale,12/31/2024,9.3
Mycroft,12/31/2024,9.47
Louis,12/31/2024,9.73
Longwoods,12/31/2024,9.54
Fenwick,12/31/2024,9.45
Osceola,12/31/2024,9.6
Sims,12/31/2024,9.61
Mary,12/31/2024,10.52
Marion,12/31/2024,9.81
Marple,12/31/2024,9.26
Porthos,12/31/2024,9.65
Bella,12/31/2024,9.55
Foster,12/31/2024,9.81
Palmer,12/31/2024,9.44
Onyx,12/31/2024,9.27
Augusta,12/31/2024,9.81
Franklin,12/31/2024,9.75
Cawley,12/31/2024,9.64
Simon,12/31/2024,9.84
Theodore,12/31/2024,9.79
General,12/31/2024,9.57
Bergenia,12/31/2024,10.02
Chinook,12/31/2024,9.35
Felix,12/31/2024,9.95
Oscar,12/31/2024,9.8
Ellen,12/31/2024,9.79
Alvin,12/31/2024,10.78
Eastwood,12/31/2024,10.26
Ballinger,12/31/2024,9.59
Peterson,12/31/2024,9.88
Abernant,12/31/2024,9.73
Briarwood,12/31/2024,9.8
Irene,12/31/2024,9.9
Fletcher,12/31/2024,9.84
Calvin,12/31/2024,9.87
Hobbes,12/31/2024,9.72
Hargrave,12/31/2024,9.38
Richmond,12/31/2024,9.52
Winchester,12/31/2024,9.53
Davidson,12/31/2024,11.47
Matchingham,12/31/2024,10.87
Vernon,12/31/2024,9.04
Butter,12/31/2024,11.18
Murphy,12/31/2024,11.73
Dolittle,12/31/2024,11.56
Rooney,12/31/2024,9.94
Bandelier,12/31/2024,10.65
Scepter,12/31/2024,11.27
Ribbonwalk,12/31/2024,11.2
Ensenada,12/31/2024,8.56
KerriAnn,12/31/2024,7.76
Grant,12/31/2024,11.25
Oly,12/31/2024,8.01
McLovin,12/31/2024,8.67
Sigma,12/31/2024,10.86
Diablo,12/31/2024,8.35
Greenhill,12/31/2024,9.21
Saint,12/31/2024,9.91
Wave,12/31/2024,5
Delta,12/31/2024,5.59
Lovejoy,12/31/2024,7.53
Emporia,12/31/2024,6.26
Kawana,12/31/2024,9.79
Tuxford,12/31/2024,6.54
Hadden,12/31/2024,9.65
Hollandaise,12/31/2024,8.15
Terracotta,12/31/2024,8.17
Otoro,12/31/2024,5
Avebury,12/31/2024,8.78
Chelsea,12/31/2024,7.64
Bedford,12/31/2024,9.22
Jack,12/31/2024,9.27
Louise,12/31/2024,8.91
Gardens,12/31/2024,8.56
Peanut,12/31/2024,9.98
Tulip,12/31/2024,6.57
Wisteria,12/31/2024,9.79
Grove,12/31/2024,8.46
Point,12/31/2024,8.58
Rosewood,12/31/2024,8.49
Mammoth,12/31/2024,7.79
Roxy,12/31/2024,8.38
Lanier,12/31/2024,9.8
Heritage,12/31/2024,8.79
Heron,12/31/2024,9.85
Stonebriar,12/31/2024,7.46
Kirkwood,12/31/2024,8.95
McGregor,12/31/2024,9.61
Magnolia,12/31/2024,8.06
100,12/31/2024,8.85
Wildwood,12/31/2024,10.7
Madison,12/31/2024,8.34
Swift,12/31/2024,9.34
Apollo,12/31/2024,8.86
Wescott,12/31/2024,8.45
Baron,12/31/2024,8.14
Nugget,12/31/2024,8.41
Pearl,12/31/2024,8.71
Lannister,12/31/2024,6.52
Burlington,12/31/2024,8.53
Abbington,12/31/2024,9.24
Sheezy,12/31/2024,11.53
Chilhowee,12/31/2024,10.13
Bowling,12/31/2024,9.73
Cristalino,12/31/2024,10.35
Haven,12/31/2024,10.65
Hermanos,12/31/2024,10.25
Emelina,12/31/2024,9.97
Caden,12/31/2024,9.7
Pebblestone,12/31/2024,10.1
Keystone,12/31/2024,10.08
Hardman,12/31/2024,10.22
Collinison,12/31/2024,9.83
Northbrook,12/31/2024,9.62
Ross,12/31/2024,10.13
Rachel,12/31/2024,9.99
Wyndhurst,12/31/2024,9.67
Frances,12/31/2024,9.67
Vanzant,12/31/2024,10.1
Northridge,12/31/2024,9.98
Glenncrest,12/31/2024,9.61
Phoebe,12/31/2024,10.43
Laurel,12/31/2024,10.08
Camellia,12/31/2024,10.37
Palmore,12/31/2024,10.04
Brookwood,12/31/2024,9.65
Lithonia,12/31/2024,9.18
Woodwind,12/31/2024,9.48
Haverhill,12/31/2024,9.93
Aspen,12/31/2024,9.48
Thomas,12/31/2024,10.12
Bennett,12/31/2024,9.99
Summerglen,12/31/2024,9.52
Portsmouth,12/31/2024,10.01
Benny,12/31/2024,9.97
Montgomery,12/31/2024,10.01
Westhaven,12/31/2024,9.98
Holmes,12/31/2024,9.51
Watson,12/31/2024,9.62
Wheeler,12/31/2024,10.04
Cordero,12/31/2024,10.18
Hamblen,12/31/2024,10.86
Ethan,12/31/2024,10.09
Helmerich,12/31/2024,9.98
Claremore,12/31/2024,9.35
Haikey,12/31/2024,9.73
Bryant,12/31/2024,9.55
Wynde,12/31/2024,9.7
Hancock,12/31/2024,9.37
Arkoma,12/31/2024,10.26
Gordon,12/31/2024,9.91
Woodland,12/31/2024,10.37
Meridian,12/31/2024,9.66
Pongo,12/31/2024,10.21
Perdita,12/31/2024,10.16
Lucas,12/31/2024,10.01
Macomber,12/31/2024,9.84
Bean,12/31/2024,10.01
Williamson,12/31/2024,10.35
Liberty,12/31/2024,9.75
Mallard,12/31/2024,10.22
Riverwood,12/31/2024,9.72
Sherwood,12/31/2024,9.75
Bradford,12/31/2024,10.27
Barclay,12/31/2024,10.3
Tytus,12/31/2024,10.6
Bluebell,12/31/2024,9.95
Tansel,12/31/2024,10.01
Caterpillar,12/31/2024,9.54
Antares,12/31/2024,9.39
Zane,12/31/2024,9.74
Athos,12/31/2024,9.81
Aramis,12/31/2024,9.61
Roanoke,12/31/2024,10.86
Ellie,12/31/2024,10.51
Sansa,12/31/2024,9.5
Arya,12/31/2024,9.5
Marcy,12/31/2024,9.46
Layla,12/31/2024,9.98
Lola,12/31/2024,10.04
Haybridge,12/31/2024,9.63
Hedgecrest,12/31/2024,9.62
Ratliff,12/31/2024,9.8
Tyner,12/31/2024,9.53
Breckenridge,12/31/2024,9.8
Allen,12/31/2024,9.76
Sanford,12/31/2024,9.55
Oasis,12/31/2024,6.18
Mirage,12/31/2024,7.86
Cardinal,12/31/2024,14.01
Ace,12/31/2024,8.48
Orchard,12/31/2024,9.11
Hammock,12/31/2024,7.37
Pointbreak,12/31/2024,8.38
Billingswood,12/31/2024,9.11
Smokey,12/31/2024,9.23
Solstice,12/31/2024,9.42
SuiteSpot,12/31/2024,9.94
Cactus,12/31/2024,8.48
Opry,12/31/2024,7.05
Serenity,12/31/2024,10.95
Sugarcreek,12/31/2024,8.08
Lakeridge,12/31/2024,8.83
Palm,12/31/2024,8.09
Havasu,12/31/2024,8.37
Regal,12/31/2024,8.44
Lodge,12/31/2024,9.17
Myrtle,12/31/2024,9.57
Kinlani,12/31/2024,10.09
Hickorybear,12/31/2024,8.54
Pasquin,12/31/2024,8.76
Coolbaugh,12/31/2024,9.06
Longbranch,12/31/2024,9.08
Koi,12/31/2024,12.05
Loop,12/31/2024,9.41
Pickler,12/31/2024,10.35
Pinkshell,12/31/2024,8.83
Alta,12/31/2024,9.3
Vita,12/31/2024,10
Preciosa,12/31/2024,9.85
Seafoam,12/31/2024,9.41
Tiara,12/31/2024,9.83
Coquina,12/31/2024,9.62
Sandbar,12/31/2024,11.09
Knoll,12/31/2024,9.46
Lierly,3/31/2025,26.68
Soapstone,3/31/2025,24.26
Patrick,3/31/2025,17.54
Pecan,3/31/2025,18.13
Plumtree,3/31/2025,16.76
Chaparral,3/31/2025,18.12
Lallie,3/31/2025,9.24
Summerset,3/31/2025,13.54
Spencer,3/31/2025,12.28
Windsor,3/31/2025,11.05
Roseberry,3/31/2025,12.07
Kingsley,3/31/2025,11.7
Eastfair,3/31/2025,12.39
Luna,3/31/2025,12.66
Dewberry,3/31/2025,11.82
Badminton,3/31/2025,12.71
Holloway,3/31/2025,12.93
Basil,3/31/2025,13.88
Shoreline,3/31/2025,10.45
Splash,3/31/2025,14.95
Malbec,3/31/2025,17.7
Pinot,3/31/2025,17.54
Salem,3/31/2025,17.16
Tuscan,3/31/2025,16.31
Mojave,3/31/2025,15.59
Wentworth,3/31/2025,15.46
Cupcake,3/31/2025,16.34
Jake,3/31/2025,8.51
101,3/31/2025,8.44
Ritter,3/31/2025,9.19
Holcomb,3/31/2025,8.63
Latte,3/31/2025,9.91
Hines,3/31/2025,9.7
Osprey,3/31/2025,9.68
Johnny,3/31/2025,8.95
June,3/31/2025,8.84
Bazzel,3/31/2025,9.54
Pioneer,3/31/2025,8.85
Kennesaw,3/31/2025,9.52
Reynolds,3/31/2025,8.95
Lookout,3/31/2025,9.92
Dunbar,3/31/2025,8.56
Clover,3/31/2025,9.32
Dogwood,3/31/2025,10.09
Walton,3/31/2025,9.43
Dorchester,3/31/2025,9.87
Folly,3/31/2025,9.28
Collier,3/31/2025,10.39
Riverwalk,3/31/2025,10.27
Highland,3/31/2025,9.46
Spring,3/31/2025,9.25
Chitwood,3/31/2025,10.31
Belle,3/31/2025,8.15
Conway,3/31/2025,9.21
Loretta,3/31/2025,9.51
Sodalis,3/31/2025,8.7
Henry,3/31/2025,8.14
Daisy,3/31/2025,10.52
Wilson,3/31/2025,9.93
Willow,3/31/2025,9.76
Creekside,3/31/2025,10.08
Kenny,3/31/2025,8.9
Dolly,3/31/2025,8.74
Blossom,3/31/2025,9.91
Bonneau,3/31/2025,9.99
Cumberland,3/31/2025,9.4
Wellington,3/31/2025,9.04
Reginald,3/31/2025,8.01
Braxton,3/31/2025,9.58
Camino,3/31/2025,9.51
Inglewood,3/31/2025,9.9
Richardson,3/31/2025,10.39
Marietta,3/31/2025,8.72
Jill,3/31/2025,9.1
Quincy,3/31/2025,8.84
Taylor,3/31/2025,9
Aster,3/31/2025,9.9
Marcelo,3/31/2025,9.73
Mae,3/31/2025,9.91
Kessler,3/31/2025,9.96
Piedmont,3/31/2025,7.94
Shallowford,3/31/2025,8.84
Chester,3/31/2025,10.59
Harrison,3/31/2025,10.53
Cypress,3/31/2025,8.71
Creekwood,3/31/2025,9.32
Eagle,3/31/2025,13.54
Falcon,3/31/2025,13.65
Goose,3/31/2025,15.06
Hansel,3/31/2025,8.2
Gretal,3/31/2025,9.69
Mimosa,3/31/2025,10.04
Redondo,3/31/2025,10.11
Sundance,3/31/2025,9.93
Brooklyn,3/31/2025,8.73
Brainerd,3/31/2025,11.39
Litton,3/31/2025,11.08
Chickamauga,3/31/2025,10.38
Sequoyah,3/31/2025,9.65
Sugar,3/31/2025,11.43
Coatbridge,3/31/2025,10.08
Lennox,3/31/2025,12.32
Olive,3/31/2025,10.2
Dawson,3/31/2025,11.31
Ridge,3/31/2025,11.97
Bayside,3/31/2025,11.41
Elm,3/31/2025,14.77
River,3/31/2025,12.79
Westchester,3/31/2025,10.24
Forest,3/31/2025,11.36
Limestone,3/31/2025,9.87
Jupiter,3/31/2025,11.82
Weldon,3/31/2025,12.47
Holland,3/31/2025,11.72
Elevation,3/31/2025,8.23
Collinston,3/31/2025,9.94
Saturn,3/31/2025,11.5
Meadow,3/31/2025,10.41
Amber,3/31/2025,10.78
Odessa,3/31/2025,8.92
Lily,3/31/2025,8.56
Saddlebred,3/31/2025,9.15
Lurleen,3/31/2025,9.89
Regency,3/31/2025,12.42
Korin,3/31/2025,10.87
Dops,3/31/2025,10.3
Sunnyside,3/31/2025,10.31
Tuscarora,3/31/2025,11.01
Salinas,3/31/2025,10.28
Hansard,3/31/2025,10.98
Jefferson,3/31/2025,10.51
Marie,3/31/2025,11.51
Brennan,3/31/2025,8.58
Sajni,3/31/2025,10.33
Ella,3/31/2025,10.09
Cove,3/31/2025,9.15
Martell,3/31/2025,9.36
Belvedere,3/31/2025,9.77
Avondale,3/31/2025,9.3
Mycroft,3/31/2025,9.64
Louis,3/31/2025,9.75
Longwoods,3/31/2025,9.56
Fenwick,3/31/2025,9.83
Osceola,3/31/2025,9.62
Sims,3/31/2025,9.71
Mary,3/31/2025,10.58
Marion,3/31/2025,10.12
Marple,3/31/2025,9.34
Porthos,3/31/2025,9.82
Bella,3/31/2025,9.68
Foster,3/31/2025,10.16
Palmer,3/31/2025,9.4
Onyx,3/31/2025,9.38
Augusta,3/31/2025,9.84
Franklin,3/31/2025,9.81
Cawley,3/31/2025,9.62
Simon,3/31/2025,9.88
Theodore,3/31/2025,9.88
General,3/31/2025,9.79
Bergenia,3/31/2025,10.08
Chinook,3/31/2025,9.46
Felix,3/31/2025,9.82
Oscar,3/31/2025,9.74
Ellen,3/31/2025,9.7
Alvin,3/31/2025,11.12
Eastwood,3/31/2025,10.6
Ballinger,3/31/2025,9.95
Peterson,3/31/2025,10.11
Abernant,3/31/2025,9.96
Briarwood,3/31/2025,9.91
Irene,3/31/2025,9.99
Fletcher,3/31/2025,10.07
Calvin,3/31/2025,10.02
Hobbes,3/31/2025,9.82
Hargrave,3/31/2025,9.52
Richmond,3/31/2025,9.6
Winchester,3/31/2025,9.78
Davidson,3/31/2025,11.81
Matchingham,3/31/2025,10.79
Vernon,3/31/2025,9.37
Butter,3/31/2025,11.45
Murphy,3/31/2025,12.3
Dolittle,3/31/2025,11.72
Rooney,3/31/2025,10.51
Bandelier,3/31/2025,11.77
Scepter,3/31/2025,11.59
Ribbonwalk,3/31/2025,12.08
Ensenada,3/31/2025,8.9
KerriAnn,3/31/2025,8.21
Grant,3/31/2025,12.44
Oly,3/31/2025,9.21
McLovin,3/31/2025,9.39
Sigma,3/31/2025,10.79
Diablo,3/31/2025,8.83
Greenhill,3/31/2025,9.64
Saint,3/31/2025,10.24
Wave,3/31/2025,4.95
Delta,3/31/2025,5.5
Lovejoy,3/31/2025,7.35
Emporia,3/31/2025,6.04
Kawana,3/31/2025,10.18
Tuxford,3/31/2025,6.27
Hadden,3/31/2025,10
Hollandaise,3/31/2025,9.53
Terracotta,3/31/2025,8.12
Otoro,3/31/2025,4.97
Avebury,3/31/2025,8.9
Chelsea,3/31/2025,8.77
Bedford,3/31/2025,9.69
Jack,3/31/2025,10.13
Louise,3/31/2025,9.2
Gardens,3/31/2025,9.39
Peanut,3/31/2025,11.33
Tulip,3/31/2025,7.9
Grove,3/31/2025,9.54
Point,3/31/2025,9.22
Rosewood,3/31/2025,9.25
Mammoth,3/31/2025,7.94
Roxy,3/31/2025,9.46
Lanier,3/31/2025,9.94
Heritage,3/31/2025,8.84
Heron,3/31/2025,11.11
Stonebriar,3/31/2025,8.26
Kirkwood,3/31/2025,9.83
McGregor,3/31/2025,9.81
Magnolia,3/31/2025,7.52
100,3/31/2025,9.11
Wildwood,3/31/2025,11.79
Madison,3/31/2025,8.3
Swift,3/31/2025,9.47
Apollo,3/31/2025,8.84
Wescott,3/31/2025,8.76
Baron,3/31/2025,8.38
Nugget,3/31/2025,8.41
Pearl,3/31/2025,8.91
Lannister,3/31/2025,7.26
Burlington,3/31/2025,8.82
Abbington,3/31/2025,9.69
Sheezy,3/31/2025,11.86
Chilhowee,3/31/2025,10.79
Bowling,3/31/2025,10.19
Cristalino,3/31/2025,10.36
Haven,3/31/2025,10.89
Hermanos,3/31/2025,10.53
Emelina,3/31/2025,10.22
Caden,3/31/2025,9.82
Pebblestone,3/31/2025,10.12
Keystone,3/31/2025,10.13
Hardman,3/31/2025,9.99
Collinison,3/31/2025,9.66
Northbrook,3/31/2025,9.5
Ross,3/31/2025,10.39
Rachel,3/31/2025,10.04
Wyndhurst,3/31/2025,9.7
Frances,3/31/2025,9.49
Vanzant,3/31/2025,10.24
Northridge,3/31/2025,10
Glenncrest,3/31/2025,9.81
Phoebe,3/31/2025,10.62
Laurel,3/31/2025,10.36
Camellia,3/31/2025,10.32
Palmore,3/31/2025,10.17
Brookwood,3/31/2025,9.92
Lithonia,3/31/2025,9.03
Woodwind,3/31/2025,9.34
Haverhill,3/31/2025,9.59
Aspen,3/31/2025,9.46
Thomas,3/31/2025,10.41
Bennett,3/31/2025,9.92
Summerglen,3/31/2025,9.54
Portsmouth,3/31/2025,10.17
Benny,3/31/2025,10.11
Montgomery,3/31/2025,9.94
Westhaven,3/31/2025,10.15
Holmes,3/31/2025,9.74
Watson,3/31/2025,9.82
Wheeler,3/31/2025,10.45
Cordero,3/31/2025,10.23
Hamblen,3/31/2025,10.96
Ethan,3/31/2025,9.98
Helmerich,3/31/2025,10.11
Claremore,3/31/2025,9.34
Haikey,3/31/2025,10.07
Bryant,3/31/2025,9.52
Wynde,3/31/2025,9.83
Hancock,3/31/2025,9.48
Arkoma,3/31/2025,10.57
Gordon,3/31/2025,9.99
Woodland,3/31/2025,10.23
Meridian,3/31/2025,10.03
Pongo,3/31/2025,10.33
Perdita,3/31/2025,10.26
Lucas,3/31/2025,10.03
Macomber,3/31/2025,9.68
Bean,3/31/2025,10.12
Williamson,3/31/2025,10.76
Liberty,3/31/2025,9.91
Mallard,3/31/2025,10.47
Riverwood,3/31/2025,9.6
Sherwood,3/31/2025,9.8
Bradford,3/31/2025,10.19
Barclay,3/31/2025,10.22
Tytus,3/31/2025,10.91
Bluebell,3/31/2025,9.92
Tansel,3/31/2025,10.16
Caterpillar,3/31/2025,9.39
Antares,3/31/2025,9.53
Zane,3/31/2025,9.8
Athos,3/31/2025,9.88
Aramis,3/31/2025,9.51
Roanoke,3/31/2025,10.8
Ellie,3/31/2025,10.76
Sansa,3/31/2025,9.6
Arya,3/31/2025,9.49
Marcy,3/31/2025,9.52
Layla,3/31/2025,10.06
Lola,3/31/2025,10.17
Haybridge,3/31/2025,9.77
Hedgecrest,3/31/2025,9.72
Ratliff,3/31/2025,9.74
Breckenridge,3/31/2025,10.1
Allen,3/31/2025,9.81
Sanford,3/31/2025,9.7
Oasis,3/31/2025,5.96
Mirage,3/31/2025,7.73
Cardinal,3/31/2025,11.63
Ace,3/31/2025,8.75
Orchard,3/31/2025,9.18
Hammock,3/31/2025,7.36
Pointbreak,3/31/2025,7.68
Billingswood,3/31/2025,9.23
Smokey,3/31/2025,9.47
Solstice,3/31/2025,9.36
SuiteSpot,3/31/2025,9.77
Cactus,3/31/2025,8.64
Opry,3/31/2025,7.76
Serenity,3/31/2025,11.37
Sugarcreek,3/31/2025,8.08
Lakeridge,3/31/2025,8.7
Palm,3/31/2025,7.46
Havasu,3/31/2025,8.54
Regal,3/31/2025,8.1
Lodge,3/31/2025,9.23
Myrtle,3/31/2025,8.81
Kinlani,3/31/2025,9.85
Hickorybear,3/31/2025,8.31
Pasquin,3/31/2025,8.48
Coolbaugh,3/31/2025,9.01
Longbranch,3/31/2025,8.83
Koi,3/31/2025,12.57
Loop,3/31/2025,9.12
Pickler,3/31/2025,10.63
Pinkshell,3/31/2025,7.87
Alta,3/31/2025,9
Preciosa,3/31/2025,9.21
Seafoam,3/31/2025,8.5
Tiara,3/31/2025,9.17
Coquina,3/31/2025,8.91
Sandbar,3/31/2025,11.07
Knoll,3/31/2025,8.59
Winston,3/31/2025,9.2
Wisteria,3/31/2025,10.99
Tyner,3/31/2025,9.4
